date,website_traffic,conversion_rate,average_order_value,ad_spend,refund_rate,orders,revenue,new_customers,returning_customers,customer_acquisition_cost,gross_profit,profit_margin,revenue_growth_dod,orders_growth_dod,traffic_growth_dod,revenue_7d_avg,conversion_7d_avg,refund_rate_zscore,anomaly_refund,conv_rate_14d_mean,conv_rate_14d_std,conv_lower_bound,anomaly_conv_rate,ad_spend_14d_mean,ad_spend_14d_std,ad_upper_bound,anomaly_ad_spend,is_anomaly
2023-01-01,4299,0.0242,75.98,995.96,0.0293,104,7901.84,73,31,13.64,4741.1,0.6,0.0,0.0,0.0,0.0,0.0,-0.20056495074251515,0,0.0242,0.0,0.0242,0,995.96,0.0,995.96,0,0
2023-01-02,4976,0.0254,70.11,1004.76,0.0239,126,8833.63,89,37,11.29,5300.18,0.6,0.1179206362062506,0.2115384615384614,0.1574784833682252,0.0,0.0,-0.7388458847205874,0,0.0248,0.0008485281374238568,0.022678679656440357,0,1000.36,6.222539674441586,1015.916349186104,0,0
2023-01-03,5137,0.025,77.04,901.74,0.029,128,9861.28,91,37,9.91,5916.77,0.6,0.1163338287883917,0.0158730158730158,0.0323553054662379,0.0,0.0,-0.2304694470746301,0,0.024866666666666665,0.0006110100926607788,0.02333914143501472,0,967.4866666666667,57.10803913052289,1110.2567644929738,0,0
2023-01-04,5316,0.0252,66.49,1048.29,0.0257,133,8842.78,97,36,10.81,5305.67,0.6,-0.1032827381435269,0.0390625,0.0348452404126922,0.0,0.0,-0.5594189067278967,0,0.02495,0.0005259911279353169,0.023635022180161707,0,987.6875,61.696948263265,1141.9298706581626,0,0
2023-01-05,4969,0.0235,80.15,1020.62,0.0271,116,9296.91,79,37,12.92,5578.15,0.6,0.0513560215226431,-0.1278195488721805,-0.0652746425884123,0.0,0.0,-0.41986459051135955,0,0.024659999999999998,0.0007924645102463584,0.0226788387243841,0,994.274,55.42377630584187,1132.8334407646048,0,0
2023-01-06,4973,0.025,77.36,1054.02,0.0329,124,9593.01,84,40,12.55,5755.81,0.6,0.0318492918614894,0.0689655172413792,0.0008049909438518,0.0,0.0,0.1582890052428664,0,0.024716666666666665,0.0007222649560006821,0.02291100427666496,0,1004.2316666666666,55.24822835771899,1142.352237560964,0,0
2023-01-07,4540,0.026,76.28,860.13,0.0383,118,9001.06,80,38,10.75,5400.63,0.6,-0.0617063882973123,-0.0483870967741935,-0.0870701789664186,9047.215714285714,0.0249,0.696569939220939,0,0.024900000000000002,0.0008185352771872445,0.02285366180703189,0,983.6457142857142,74.23010841456515,1169.220985322127,0,0
2023-01-08,4382,0.0279,79.91,1110.19,0.032,122,9749.44,84,38,13.22,5849.66,0.6,0.083143540871853,0.0338983050847456,-0.0348017621145374,9311.158571428572,0.0254285714285714,0.06857551624652118,0,0.025275,0.0013035665361943412,0.022016083659514147,0,999.46375,82.00385721546448,1204.4733930386612,0,0
2023-01-09,4939,0.0269,83.33,999.61,0.024,132,10999.21,96,36,10.41,6599.53,0.6,0.1281889011061145,0.0819672131147541,0.1271109082610679,9620.527142857143,0.0256428571428571,-0.7288777192765491,0,0.025455555555555554,0.0013342705039750282,0.022119879295617983,0,999.48,76.7076000146009,1191.2490000365024,0,0
2023-01-10,5145,0.0293,80.07,1062.83,0.0322,150,12010.78,106,44,10.03,7206.47,0.6,0.0919675140305531,0.1363636363636364,0.0417088479449281,9927.598571428573,0.0262571428571428,0.08851184713459782,0,0.025840000000000002,0.0017494125998301375,0.02146646850042466,0,1005.8149999999999,75.04394819778014,1193.4248704944503,0,0
2023-01-11,4948,0.0235,65.8,956.25,0.036,116,7632.29,82,34,11.66,4579.38,0.6,-0.364546682230463,-0.2266666666666666,-0.0382896015549076,9754.671428571428,0.0260142857142857,0.467302134008056,0,0.025627272727272724,0.0018033806636930027,0.021118821068040215,0,1001.3090909090909,72.7445539479823,1183.1704757790467,0,0
2023-01-12,4952,0.0267,68.6,1039.7,0.027,132,9055.48,87,45,11.95,5433.29,0.6,0.1864695916952841,0.1379310344827586,0.0008084074373484,9720.181428571426,0.0264714285714285,-0.4298327559553979,0,0.025716666666666665,0.001747118840383859,0.02134886956570702,0,1004.5083333333333,70.23903432155257,1180.1059191372146,0,0
2023-01-13,5097,0.0254,71.88,957.22,0.0293,129,9271.99,88,41,10.88,5563.2,0.6,0.0239092792430661,-0.0227272727272727,0.0292810985460421,9674.32142857143,0.0265285714285714,-0.20056495074251515,0,0.025692307692307695,0.0016750430534076515,0.021504700058788566,0,1000.8707692307692,68.5157606517822,1172.1601708602248,0,0
2023-01-14,3870,0.0294,75.13,979.53,0.0301,113,8489.74,74,39,13.24,5093.84,0.6,-0.0843670021214432,-0.1240310077519379,-0.24072984108299,9601.275714285714,0.0270142857142857,-0.12081962719020825,0,0.025957142857142856,0.0018899386582289198,0.021232296211570557,0,999.3464285714286,66.0744401422357,1164.532528927018,0,0
2023-01-15,3912,0.0234,77.59,1107.24,0.0261,91,7060.53,65,26,17.03,4236.32,0.6,-0.1683455559298635,-0.1946902654867256,0.0108527131782945,9217.145714285714,0.0263714285714285,-0.5195462449517431,0,0.0259,0.0019580209789085896,0.021004947552728526,0,1007.295,72.05812245360309,1187.4403061340076,0,0
2023-01-16,4949,0.0233,71.37,1002.83,0.0332,115,8207.7,84,31,11.94,4924.62,0.6,0.1624764713130602,0.2637362637362637,0.265081799591002,8818.358571428571,0.0258571428571428,0.1881935015749817,0,0.025750000000000002,0.0020761465784921384,0.020559633553769656,0,1007.157142857143,72.06519115234603,1187.320120738008,0,0
2023-01-17,4863,0.0238,75.93,1024.06,0.0294,115,8732.39,82,33,12.49,5239.43,0.6,0.0639265567698623,0.0,-0.0173772479288745,8350.017142857143,0.0250714285714285,-0.19059678529847682,0,0.025664285714285716,0.0021334721223168806,0.020330605408493515,0,1015.8942857142856,65.40894924823539,1179.4166588348742,0,0
2023-01-18,5132,0.0208,71.22,1057.51,0.0321,106,7549.65,72,34,14.69,4529.79,0.6,-0.13544287417305,-0.0782608695652173,0.0553156487764754,8338.211428571429,0.0246857142857142,0.07854368169055916,0,0.02535,0.0024997692201173594,0.019100576949706603,0,1016.5528571428571,65.80543096929718,1181.0664345661,0,0
2023-01-19,4892,0.0239,71.94,1039.62,0.0256,117,8417.26,85,32,12.23,5050.36,0.6,0.1149205592312228,0.1037735849056604,-0.0467653936087295,8247.037142857142,0.0242857142857142,-0.569387072171935,0,0.025378571428571427,0.0024791991794586754,0.019180573479924738,0,1017.91,66.09106619482863,1183.1376654870714,0,0
2023-01-20,4795,0.0235,67.97,1023.18,0.0278,112,7612.27,77,35,13.29,4567.36,0.6,-0.0956356343988423,-0.0427350427350426,-0.0198282910874897,8009.934285714286,0.0240142857142857,-0.350087432403091,0,0.025271428571428573,0.0025287359479600658,0.018949588701528408,0,1015.7071428571428,65.30418886653807,1178.967615023488,0,0
2023-01-21,4575,0.0253,70.38,1034.73,0.0336,115,8094.14,77,38,13.44,4856.48,0.6,0.0633017483615268,0.0267857142857141,-0.045881126173097,7953.42,0.0234285714285714,0.22806616335113497,0,0.025221428571428568,0.0025201277658174303,0.018921109156884993,0,1028.1785714285713,47.57212529932302,1147.108884676879,0,0
2023-01-22,4241,0.0257,68.24,1137.48,0.0281,108,7370.09,73,35,15.58,4422.05,0.6,-0.0894536047066149,-0.0608695652173912,-0.0730054644808743,7997.642857142857,0.0237571428571428,-0.32018293607097564,0,0.025064285714285713,0.002406276134437782,0.019048595378191258,0,1030.1278571428572,51.58124602225865,1159.0809721985038,0,0
2023-01-23,5104,0.0288,70.12,1015.25,0.0386,146,10237.61,100,46,10.15,6142.57,0.6,0.3890753030152956,0.3518518518518518,0.203489742985145,8287.630000000001,0.0245428571428571,0.7264744355530544,0,0.0252,0.0025660505421007166,0.018784873644748207,0,1031.2450000000001,51.035932402120636,1158.8348310053018,0,0
2023-01-24,4809,0.0269,80.27,1029.01,0.028,129,10354.6,90,39,11.43,6212.76,0.6,0.0114274718415723,-0.1164383561643835,-0.0577978056426332,8519.374285714286,0.0249857142857142,-0.330151101515014,0,0.025028571428571428,0.002341409362370835,0.019175048022644338,0,1028.8292857142858,50.21978363833622,1154.3787448101264,0,0
2023-01-25,4990,0.0238,70.25,1072.31,0.0311,118,8289.85,82,36,13.08,4973.91,0.6,-0.1994041295656037,-0.0852713178294574,0.0376377625285921,8625.117142857143,0.0254142857142857,-0.021137972749824378,0,0.02505,0.002327676292588151,0.019230809268529624,0,1037.1192857142858,46.77855285430316,1154.0656678500436,0,0
2023-01-26,5125,0.0232,88.16,1075.88,0.0347,118,10403.11,79,39,13.62,6241.86,0.6,0.2549213797595855,0.0,0.0270541082164328,8908.81,0.0253142857142857,0.3377159832355575,0,0.0248,0.002324782868272946,0.018988042829317636,0,1039.7035714285714,47.91760758878664,1159.497590400538,0,0
2023-01-27,4876,0.026,77.47,1080.78,0.0229,126,9760.79,91,35,11.88,5856.47,0.6,-0.0617430749074074,0.0677966101694915,-0.0485853658536585,9215.74142857143,0.0256714285714285,-0.8385275391609713,0,0.024842857142857142,0.0023421601750764796,0.018987456705165943,0,1048.5292857142856,42.64566953653971,1155.1434595556348,0,0
2023-01-28,4386,0.0224,75.92,1054.19,0.0212,98,7440.57,68,30,15.5,4464.34,0.6,-0.2377082182897082,-0.2222222222222222,-0.1004922067268252,9122.374285714286,0.0252571428571428,-1.0079863517096237,0,0.024342857142857142,0.002019411294912946,0.019294328905574774,0,1053.8621428571428,37.739473148368795,1148.2108257280647,0,0
2023-01-29,4195,0.0287,70.71,965.93,0.0224,120,8484.99,82,38,11.78,5090.99,0.6,0.1403682782367479,0.2244897959183673,-0.043547651618787,9281.645714285714,0.0256857142857142,-0.8883683663811632,0,0.02472142857142857,0.0023055713696737614,0.018957500147244167,0,1043.7685714285715,41.11150444586253,1146.5473325432279,0,0
2023-01-30,5061,0.0274,78.5,1105.57,0.0363,138,10833.21,99,39,11.17,6499.93,0.6,0.2767498842072884,0.1499999999999999,0.2064362336114422,9366.73142857143,0.0254857142857142,0.4972066303401713,0,0.02501428571428571,0.002370607563427617,0.01908776680571667,0,1051.107142857143,42.391499951426994,1157.0858927357103,0,0
2023-01-31,5003,0.0241,72.12,967.41,0.0272,120,8654.62,81,39,11.94,5192.77,0.6,-0.2011029048638398,-0.1304347826086956,-0.0114601857340446,9123.877142857144,0.0250857142857142,-0.4098964250673212,0,0.025035714285714283,0.002360119665433268,0.019135415122131114,0,1047.0607142857143,47.560442590986504,1165.9618207631806,0,0
2023-02-01,5498,0.0216,75.61,1040.68,0.0428,118,8921.99,78,40,13.34,5353.19,0.6,0.0308933263389956,-0.0166666666666667,0.0989406356186288,9214.182857142858,0.0247714285714285,1.1451373842026658,0,0.025092857142857142,0.00225711329790076,0.01945007389810524,0,1045.8585714285714,47.4886528725371,1164.5802036099142,0,0
2023-02-02,5129,0.0277,87.8,988.66,0.0272,142,12467.66,103,39,9.6,7480.6,0.6,0.3974079773682777,0.2033898305084744,-0.0671153146598763,9509.118571428571,0.0254142857142857,-0.4098964250673212,0,0.02536428571428571,0.0023299412811541792,0.019539432511400265,0,1042.2185714285713,49.895660649482664,1166.957723052278,0,0
2023-02-03,4924,0.0248,74.52,1023.99,0.0309,121,9016.88,89,32,11.51,5410.13,0.6,-0.2767784812867851,-0.147887323943662,-0.0399688048352505,9402.845714285711,0.0252428571428571,-0.041074303637901016,0,0.025457142857142855,0.002275188677117465,0.019769171164349193,0,1042.2764285714286,49.87235022568064,1166.9573041356302,0,0
2023-02-04,4504,0.0275,80.75,1044.46,0.0377,123,9931.8,84,39,12.43,5959.08,0.6,0.101467469900897,0.0165289256198346,-0.0852965069049552,9758.735714285713,0.0259714285714285,0.6367609465567085,0,0.025614285714285718,0.0023385916678657246,0.019767806544621406,0,1042.9714285714285,49.82687270897125,1167.5386103438566,0,0
2023-02-05,4100,0.0218,71.48,1044.91,0.04,89,6362.09,62,27,16.85,3817.25,0.6,-0.3594222598119172,-0.2764227642276422,-0.0896980461811722,9455.464285714286,0.0249857142857142,0.8660287517695915,0,0.025335714285714288,0.0025502962551458594,0.01895997364784964,0,1036.3592857142858,41.81932392204222,1140.9075955193914,0,0
2023-02-06,5190,0.0238,74.83,1050.77,0.0403,123,9203.48,83,40,12.66,5522.09,0.6,0.4466126697358885,0.3820224719101124,0.2658536585365854,9222.645714285714,0.0244714285714285,0.8959332481017068,0,0.024978571428571426,0.0023716850781438322,0.019049358733211848,0,1038.8964285714287,41.516515269346435,1142.687716744795,0,0
2023-02-07,4760,0.025,83.85,1111.18,0.036,119,9978.63,83,36,13.39,5987.18,0.6,0.0842235762993997,-0.0325203252032519,-0.0828516377649325,9411.79,0.0246,0.467302134008056,0,0.024842857142857142,0.002306750723658477,0.01907598033371095,0,1044.7657142857145,45.617108415809916,1158.8084853252392,0,0
2023-02-08,4890,0.0251,71.87,1054.0,0.0351,122,8767.55,84,38,12.55,5260.53,0.6,-0.1213673620527066,0.0252100840336133,0.0273109243697478,9389.727142857142,0.0251,0.3775886450117108,0,0.024935714285714287,0.002287627976363675,0.0192166443448051,0,1043.4578571428572,45.02529633927509,1156.0210979910448,0,0
2023-02-09,5200,0.0241,84.06,1019.94,0.033,125,10507.78,87,38,11.72,6304.67,0.6,0.1984853237221346,0.0245901639344261,0.0633946830265848,9109.744285714283,0.0245857142857142,0.16825717068690507,0,0.025,0.0022473916505071465,0.019381520873732135,0,1039.462142857143,44.40459005701833,1150.4736179996887,0,0
2023-02-10,5312,0.0262,78.54,1081.17,0.0339,139,10916.89,98,41,11.03,6550.13,0.6,0.0389340088962653,0.1120000000000001,0.0215384615384615,9381.174285714284,0.0247857142857142,0.2579706596832503,0,0.025014285714285715,0.0022548604401149996,0.019377134613998218,0,1039.49,44.43261812954688,1150.5715453238672,0,0
2023-02-11,4403,0.0229,72.19,1093.26,0.0272,100,7218.77,67,33,16.32,4331.26,0.6,-0.3387521537727319,-0.2805755395683453,-0.1711219879518072,8993.59857142857,0.0241285714285714,-0.4098964250673212,0,0.02505,0.002213854974056307,0.01951536256485923,0,1042.2807142857143,46.60095566274686,1158.7831034425815,0,0
2023-02-12,4349,0.0247,78.16,973.23,0.0259,107,8363.34,74,33,13.15,5018.0,0.6,0.1585547122293686,0.07,-0.0122643652055416,9279.49142857143,0.0245428571428571,-0.5394825758398201,0,0.024764285714285714,0.001948809160194284,0.019892262813800004,0,1042.8021428571428,45.71332160298571,1157.085446864607,0,0
2023-02-13,5116,0.0252,79.86,1065.31,0.03,129,10302.3,85,44,12.53,6181.38,0.6,0.2318403891268319,0.205607476635514,0.1763623821568176,9436.465714285716,0.0247428571428571,-0.13078779263424659,0,0.02460714285714286,0.0018031870442312763,0.02009917524656467,0,1039.9264285714287,42.62287623532005,1146.4836191597287,0,0
2023-02-14,4885,0.026,78.11,1071.32,0.0291,127,9919.85,87,40,12.31,5951.91,0.6,-0.0371227784087047,-0.0155038759689922,-0.0451524628616106,9428.06857142857,0.0248857142857142,-0.2205012816305918,0,0.024742857142857146,0.0018333300033269813,0.020159532134539693,0,1047.3485714285714,37.79795840175275,1141.8434674329533,0,0
2023-02-15,5041,0.0264,67.15,1022.21,0.0277,133,8930.8,92,41,11.11,5358.48,0.6,-0.0997041285906542,0.0472440944881888,0.0319344933469805,9451.39,0.0250714285714285,-0.36005559784712926,0,0.025085714285714288,0.0016388819560706834,0.020988509395537577,0,1046.0292857142856,38.36667653943057,1141.945977062862,0,0
2023-02-16,5097,0.0228,71.36,1106.7,0.0335,115,8206.9,81,34,13.66,4924.14,0.6,-0.0810565682805571,-0.1353383458646616,0.0111089069629042,9122.692857142858,0.0248857142857142,0.218097997907097,0,0.024735714285714284,0.001558898596819192,0.020838467793666306,0,1054.4607142857144,37.75475425269355,1148.8475999174482,0,0
2023-02-17,5405,0.0219,73.76,1031.23,0.0348,118,8703.96,83,35,12.42,5222.38,0.6,0.0605661090058364,0.0260869565217392,0.0604277025701394,8806.56,0.0242714285714285,0.34768414867959546,0,0.02452857142857143,0.001732685142256901,0.020196858572929178,0,1054.9778571428571,37.35272272612678,1148.359663958174,0,0
2023-02-18,4466,0.0276,74.63,1045.84,0.0304,123,9179.22,88,35,11.88,5507.53,0.6,0.0546027325493223,0.0423728813559323,-0.1737280296022201,9086.624285714284,0.0249428571428571,-0.09091513085809295,0,0.024535714285714282,0.0017460316072816062,0.020170635267510267,0,1055.0764285714286,37.32464201634511,1148.3880336122913,0,0
2023-02-19,4049,0.0257,78.1,1031.73,0.0374,103,8044.65,68,35,15.17,4826.79,0.6,-0.1236020053991515,-0.1626016260162601,-0.093372145096283,9041.097142857145,0.0250857142857142,0.6068564502245939,0,0.024814285714285712,0.0015791220261988572,0.02086648064878857,0,1054.135,37.76441869313936,1148.5460467328485,0,0
2023-02-20,5270,0.0235,75.89,1041.99,0.0243,123,9334.29,82,41,12.71,5600.57,0.6,0.1603102683149673,0.1941747572815533,0.301555939738207,8902.81,0.0248428571428571,-0.6989732229444342,0,0.024792857142857144,0.0015958910150345928,0.020803129605270664,0,1053.5078571428571,37.89726866118437,1148.251028795818,0,0
2023-02-21,5133,0.0281,68.32,987.22,0.029,144,9838.55,102,42,9.68,5903.13,0.6,0.0540223198550717,0.1707317073170731,-0.0259962049335863,8891.195714285714,0.0251428571428571,-0.2304694470746301,0,0.025014285714285715,0.0018254007538313114,0.020450783829707435,0,1044.6535714285715,37.86724312183723,1139.3216792331646,0,0
2023-02-22,5078,0.0252,76.9,970.85,0.0264,128,9843.33,84,44,11.56,5906.0,0.6,0.0004858439505821,-0.1111111111111111,-0.0107149814923046,9021.557142857142,0.0249714285714285,-0.4896417486196281,0,0.025021428571428573,0.0018259575239092738,0.02045653476165539,0,1038.7142857142858,42.5231386268853,1145.0221322814991,0,0
2023-02-23,5340,0.0274,78.05,1123.41,0.0207,146,11395.73,102,44,11.01,6837.44,0.6,0.1577108559806488,0.140625,0.0515951161874754,9477.104285714286,0.0256285714285714,-1.0578271789298157,0,0.025257142857142856,0.0019089724524402726,0.020484711726042173,0,1046.105,47.687281121586366,1165.3232028039658,0,0
2023-02-24,5428,0.0251,77.8,1002.16,0.0296,136,10580.66,91,45,11.01,6348.39,0.6,-0.0715241586102864,-0.0684931506849315,0.0164794007490636,9745.204285714284,0.0260857142857142,-0.17066045441039984,0,0.02517857142857143,0.0018897206026404964,0.02045426992197019,0,1040.4614285714285,47.89307672098528,1160.1941203738918,0,0
2023-02-25,4612,0.0291,80.4,995.76,0.0294,134,10774.12,98,36,10.16,6464.47,0.6,0.0182843036256719,-0.0147058823529411,-0.1503316138540898,9973.047142857144,0.0262999999999999,-0.19059678529847682,0,0.025621428571428573,0.0020355224509574065,0.020532622444035056,0,1033.497142857143,46.698887390562945,1150.2443613335504,0,0
2023-02-26,4262,0.0285,79.17,938.48,0.0376,121,9579.52,85,36,11.04,5747.71,0.6,-0.1108768047877692,-0.0970149253731342,-0.0758889852558543,10192.314285714285,0.0267,0.6267927811126704,0,0.02589285714285714,0.002153160212594245,0.02050995661137153,0,1031.015,50.88455527352691,1158.2263881838173,0,0
2023-02-27,5173,0.0245,77.3,1015.03,0.0332,126,9739.28,87,39,11.67,5843.57,0.6,0.0166772447888829,0.0413223140495868,0.2137494134209292,10250.17,0.0268428571428571,0.1881935015749817,0,0.025842857142857143,0.002178466039605456,0.020396692043843503,0,1027.4235714285714,50.045279283579134,1152.5367696375192,0,0
2023-02-28,5305,0.0269,74.65,981.65,0.0249,142,10600.18,102,40,9.62,6360.11,0.6,0.0883946246539784,0.1269841269841269,0.0255171080610863,10358.974285714285,0.0266714285714285,-0.639164230280204,0,0.025907142857142854,0.002196663303815508,0.020415484597604082,0,1021.0185714285715,49.732265313243396,1145.3492347116799,0,0
2023-03-01,5438,0.0263,66.7,1130.73,0.0393,142,9470.72,96,46,11.78,5682.43,0.6,-0.1065510208317218,0.0,0.0250706880301603,10305.744285714289,0.0268285714285714,0.7962515936613229,0,0.025900000000000003,0.0021950994370327583,0.020412251407418106,0,1028.77,57.744043848694936,1173.1301096217373,0,0
2023-03-02,5151,0.0277,77.15,1099.94,0.0361,142,10955.03,96,46,11.46,6573.02,0.6,0.1567262045546698,0.0,-0.052776756160353,10242.787142857142,0.0268714285714285,0.47727029945209465,0,0.02625,0.002048545450200813,0.021128636374497967,0,1028.287142857143,57.06655337661212,1170.9535262986733,0,0
2023-03-03,5214,0.0231,76.04,1015.87,0.0329,120,9124.61,80,40,12.7,5474.77,0.6,-0.1670848915977409,-0.1549295774647887,0.0122306348281886,10034.78,0.0265857142857142,0.1582890052428664,0,0.026335714285714285,0.0018698445607372477,0.021661102883871165,0,1027.19,57.153210152792276,1170.0730253819806,0,0
2023-03-04,4234,0.0264,76.36,1163.72,0.0289,111,8475.73,75,36,15.52,5085.44,0.6,-0.0711131763439754,-0.0749999999999999,-0.1879555044112005,9706.438571428573,0.0261999999999999,-0.24043761251866877,0,0.026250000000000002,0.0018346032897520984,0.021663491775619756,0,1035.6100000000001,67.80312643120634,1205.117816078016,0,0
2023-03-05,4220,0.0271,68.62,1101.01,0.0252,114,7822.25,79,35,13.94,4693.35,0.6,-0.0771001435864521,0.0270270270270269,-0.0033065658951346,9455.4,0.026,-0.6092597339480886,0,0.026350000000000002,0.0018404639883213367,0.02174884002919666,0,1040.5585714285714,69.99104336733623,1215.536179846912,0,0
2023-03-06,5426,0.0215,69.59,1036.51,0.0281,116,8072.99,82,34,12.64,4843.79,0.6,0.0320547157147879,0.0175438596491228,0.285781990521327,9217.358571428573,0.0255714285714285,-0.32018293607097564,0,0.026207142857142856,0.0021330600214117387,0.02087449280361351,0,1040.1671428571428,69.99774550529585,1215.1615066203824,0,0
2023-03-07,5539,0.0226,80.27,928.6,0.0354,125,10033.22,89,36,10.43,6019.93,0.6,0.2428133814113482,0.0775862068965518,0.0208256542572797,9136.364285714286,0.0249571428571428,0.4074931413438261,0,0.025814285714285713,0.002260312144154207,0.020163505353900196,0,1035.98,74.98424142137105,1223.4406035534275,0,0
2023-03-08,5257,0.0209,74.8,1168.94,0.0394,109,8153.44,72,37,16.24,4892.07,0.6,-0.1873556046812489,-0.128,-0.0509117169164109,8948.18142857143,0.0241857142857142,0.8062197591053609,0,0.025507142857142857,0.002614593448530556,0.018970659235816464,0,1050.1292857142857,80.25339038745527,1250.7627616829238,0,0
2023-03-09,5476,0.0245,78.41,985.74,0.0377,133,10428.2,92,41,10.71,6256.92,0.6,0.2789938970544949,0.2201834862385321,0.0416587407266502,8872.92,0.0237285714285714,0.6367609465567085,0,0.0253,0.002567548965902637,0.018881127585243407,0,1040.2957142857142,79.00828386113264,1237.8164239385458,0,0
2023-03-10,11087,0.0128,75.14,973.77,0.0276,141,10594.96,95,46,10.25,6356.98,0.6,0.0159912544830362,0.0601503759398496,1.0246530314097884,9082.97,0.0222571428571428,-0.3700237632911676,0,0.02442142857142857,0.004216301436353646,0.013880674980544454,1,1038.267857142857,80.41420800394106,1239.3033771527098,0,1
2023-03-11,8470,0.0118,75.15,1108.0,0.0244,100,7514.88,69,31,16.06,4508.93,0.6,-0.2907118101436908,-0.2907801418439716,-0.2360422115991701,8945.705714285714,0.0201714285714285,-0.6890050575003955,0,0.023185714285714285,0.005167480734638222,0.01026701244911873,0,1046.285,81.43878907120732,1249.8819726780184,0,0
2023-03-12,9292,0.0119,79.69,1179.68,0.0307,110,8766.06,82,28,14.39,5259.63,0.6,0.1664936765457332,0.1,0.0970484061393153,9080.535714285714,0.018,-0.06101063452597765,0,0.022,0.005728337119430577,0.007679157201423556,0,1063.5135714285714,82.38575741428383,1269.477964964281,0,0
2023-03-13,10103,0.0126,72.42,1127.73,0.0212,126,9124.89,88,38,12.82,5474.94,0.6,0.0409340114030705,0.1454545454545455,0.0872793801119242,9230.807142857142,0.0167285714285714,-1.0079863517096237,0,0.02115,0.0061928929489313105,0.0056677676276717225,0,1071.5635714285713,82.78899375076178,1278.5360558054758,0,0
2023-03-14,10867,0.0072,75.48,1087.54,0.0316,78,5887.49,56,22,19.42,3532.49,0.6,-0.3547878385383275,-0.3809523809523809,0.0756211026427793,8638.56,0.0145285714285714,0.028702854470367908,0,0.019742857142857145,0.0069746479685869715,0.0023062372213897148,0,1079.1271428571429,78.67758779969009,1275.821112356368,0,0
2023-03-15,5613,0.0216,72.69,1089.9,0.0293,121,8795.32,89,32,12.25,5277.19,0.6,0.4938997773244626,0.5512820512820513,-0.4834821017760191,8730.257142857143,0.0146285714285714,-0.20056495074251515,0,0.019407142857142852,0.006744053139414964,0.0025470100086054416,0,1076.2107142857144,77.36339747374882,1269.6192079700863,0,0
2023-03-16,4780,0.0249,72.83,1103.66,0.0277,118,8593.65,85,33,12.98,5156.19,0.6,-0.0229292396410818,-0.024793388429752,-0.1484054872617138,8468.17857142857,0.0146857142857142,-0.36005559784712926,0,0.019207142857142857,0.00651689688846963,0.0029149006359687826,0,1076.4764285714286,77.45749917581483,1270.1201765109658,0,0
2023-03-17,5473,0.0258,73.45,1099.76,0.022,141,10357.03,97,44,11.34,6214.22,0.6,0.205195696822654,0.194915254237288,0.144979079497908,8434.18857142857,0.0165428571428571,-0.9282410281573169,0,0.0194,0.006678899034099288,0.0027027524147517808,0,1082.4685714285715,75.63166765084762,1271.5477405556906,0,0
2023-03-18,4530,0.0249,76.11,1076.7,0.0326,112,8524.39,75,37,14.36,5114.64,0.6,-0.1769464798306079,-0.2056737588652482,-0.1723003837018089,8578.404285714285,0.0184142857142857,0.1283845089107511,0,0.019292857142857143,0.00656909597874944,0.002870117195983544,0,1076.252857142857,71.92545782625515,1256.0665017084948,0,0
2023-03-19,4457,0.0209,72.61,1068.67,0.0273,93,6752.38,65,28,16.44,4051.43,0.6,-0.2078752849177477,-0.1696428571428571,-0.0161147902869757,8290.735714285714,0.0197,-0.39992825962328254,0,0.01885,0.006200961463912122,0.003347596340219694,0,1073.942857142857,71.5877124639704,1252.9121383027832,0,0
2023-03-20,5339,0.0248,81.28,1061.16,0.0242,132,10728.8,90,42,11.79,6437.28,0.6,0.5888916204360535,0.4193548387096775,0.197890958043527,8519.865714285714,0.0214428571428571,-0.7089413883884725,0,0.019085714285714286,0.006369863800362211,0.003161054784808756,0,1075.7035714285714,70.89601731323874,1252.9436147116683,0,0
2023-03-21,4928,0.0224,70.53,1027.41,0.0156,110,7757.97,73,37,14.07,4654.78,0.6,-0.2769023562746998,-0.1666666666666666,-0.0769807079977523,8787.077142857142,0.0236142857142857,-1.5662036165757731,0,0.019071428571428573,0.006361594934439806,0.0031674412353290583,0,1082.7614285714287,59.05447939202966,1230.397627051503,0,0
2023-03-22,5285,0.0263,74.07,1051.9,0.0299,139,10295.12,97,42,10.84,6177.07,0.6,0.3270378720206446,0.2636363636363636,0.0724431818181818,9001.334285714285,0.0242857142857142,-0.1407559580782849,0,0.01945714285714286,0.006638664634688833,0.0028604812704207776,0,1074.4014285714286,53.98278726482218,1209.358396733484,0,0
2023-03-23,5405,0.0257,72.8,982.11,0.0389,139,10119.39,98,41,10.02,6071.63,0.6,-0.0170692522282402,0.0,0.0227057710501419,9219.297142857144,0.0244,0.756378931885169,0,0.019542857142857143,0.006716078787932314,0.0027526601730263577,0,1074.142142857143,54.448108560574475,1210.2624142585792,0,0
2023-03-24,5633,0.0231,82.23,1062.67,0.0383,130,10690.54,95,35,11.19,6414.32,0.6,0.0564411491206486,-0.0647482014388489,0.0421831637372802,9266.941428571428,0.0240142857142857,0.696569939220939,0,0.02027857142857143,0.006480643198304962,0.004076963432809024,0,1080.4921428571429,46.43629452164565,1196.582879161257,0,0
2023-03-25,4438,0.024,75.98,1018.98,0.0277,106,8054.17,73,33,13.96,4832.5,0.6,-0.246607748532815,-0.1846153846153846,-0.2121427303390732,9199.767142857145,0.0238857142857142,-0.36005559784712926,0,0.02115,0.006059417336802159,0.0060014566579946,0,1074.1335714285715,48.431795279092974,1195.213059626304,0,0
2023-03-26,4384,0.0229,80.16,1014.05,0.027,100,8015.92,70,30,14.49,4809.55,0.6,-0.0047490927060144,-0.0566037735849056,-0.0121676430824695,9380.272857142858,0.0241714285714285,-0.4298327559553979,0,0.021935714285714288,0.005450279758925185,0.008310014888401324,0,1062.3028571428572,40.19545524033743,1162.7914952437009,0,0
2023-03-27,5249,0.0249,67.57,1079.05,0.0323,130,8784.39,89,41,12.12,5270.63,0.6,0.0958679727342588,0.3,0.197308394160584,9102.5,0.0241857142857142,0.09848001257863648,0,0.022814285714285714,0.004779742050146032,0.010864930588920633,0,1058.8257142857144,35.9853159613073,1148.7890041889827,0,0
2023-03-28,5537,0.0269,76.34,1140.48,0.025,149,11373.95,106,43,10.76,6824.37,0.6,0.2947911010326274,0.146153846153846,0.0548675938273957,9619.06857142857,0.0248285714285714,-0.6291960648361653,0,0.024221428571428567,0.0018009307727816152,0.019719101639474528,0,1062.607142857143,41.58122901735054,1166.5602154005192,0,0
2023-03-29,5424,0.023,79.45,1117.62,0.0315,124,9851.57,86,38,13.0,5910.94,0.6,-0.1338479595918744,-0.1677852348993288,-0.0204081632653061,9555.704285714286,0.0243571428571428,0.018734689026329243,0,0.024321428571428574,0.0016789092482133755,0.020124155450895135,0,1064.587142857143,43.59217527326307,1173.5675810403006,0,0
2023-03-30,5256,0.026,75.41,994.0,0.0338,136,10255.95,92,44,10.8,6153.57,0.6,0.0410472645476813,0.096774193548387,-0.0309734513274336,9575.212857142858,0.0244,0.2480024942392116,0,0.0244,0.0017329388111174213,0.02006765297220645,0,1056.7542857142857,45.82619014599247,1171.319761079267,0,0
2023-03-31,5469,0.0239,80.33,1023.87,0.0361,130,10442.56,90,40,11.38,6265.54,0.6,0.0181952915137064,-0.0441176470588234,0.0405251141552511,9539.787142857142,0.0245142857142857,0.47727029945209465,0,0.024264285714285714,0.0016886986992070056,0.0200425389662682,0,1051.3335714285715,44.82532158829949,1163.3968753993202,0,0
2023-04-01,4590,0.0234,72.41,1121.21,0.0295,107,7748.25,75,32,14.95,4648.95,0.6,-0.2580124030888977,-0.1769230769230769,-0.1607240811848601,9496.084285714283,0.0244285714285714,-0.1806286198544385,0,0.024157142857142856,0.001692842073471244,0.019925037673464745,0,1054.5128571428572,48.21328614022817,1175.0460724934276,0,0
2023-04-02,4768,0.0248,82.05,1025.88,0.029,118,9681.51,83,35,12.36,5808.91,0.6,0.2495092440228439,0.1028037383177569,0.0387799564270152,9734.025714285714,0.0247,-0.2304694470746301,0,0.024435714285714286,0.0014134557449235123,0.020902074923405504,0,1051.4564285714287,48.60152238944158,1172.9602345450326,0,0
2023-04-03,5238,0.0229,86.49,1064.59,0.0256,120,10379.34,86,34,12.38,6227.6,0.6,0.0720786323621005,0.0169491525423728,0.0985738255033557,9961.875714285716,0.0244142857142857,-0.569387072171935,0,0.0243,0.0014660255008801537,0.020634936247799614,0,1051.7014285714286,48.662807446461514,1173.3584471875824,0,0
2023-04-04,5317,0.0239,73.19,1104.15,0.0259,127,9294.6,85,42,12.99,5576.76,0.6,-0.1045095352883709,0.0583333333333333,0.0150820924016801,9664.825714285716,0.0239857142857142,-0.5394825758398201,0,0.024407142857142853,0.0013680217529278014,0.02098708847482335,0,1057.182857142857,50.01924943744827,1182.2309807364777,0,0
2023-04-05,5308,0.0226,72.77,1029.06,0.0289,120,8732.7,81,39,12.7,5239.62,0.6,-0.060454457426893,-0.0551181102362204,-0.0016926838442731,9504.987142857144,0.0239285714285714,-0.24043761251866877,0,0.02414285714285714,0.0013311153713590213,0.020815068714459588,0,1055.5514285714285,50.574205778339696,1181.9869430172778,0,0
2023-04-06,5098,0.0289,82.27,1083.57,0.0318,147,12093.24,104,43,10.42,7255.94,0.6,0.3848225634683431,0.2250000000000001,-0.0395629238884702,9767.457142857142,0.0243428571428571,0.048639185358444546,0,0.02437142857142857,0.001808283747062459,0.019850719203772425,0,1062.7985714285712,46.33229109165818,1178.6292991577166,0,0
2023-04-07,5454,0.0251,82.9,1012.42,0.0346,136,11274.11,93,43,10.89,6764.47,0.6,-0.067734535988701,-0.074829931972789,0.0698313063946645,9886.25,0.0245142857142857,0.32774781779151885,0,0.024514285714285714,0.0017788748141439703,0.02006709867892579,0,1059.2092857142857,48.249733273759816,1179.8336188986852,0,0
2023-04-08,4651,0.0236,72.39,1049.88,0.026,109,7890.04,76,33,13.81,4734.02,0.6,-0.3001629396910267,-0.1985294117647058,-0.1472313898056472,9906.505714285717,0.0245428571428571,-0.5295144103957817,0,0.024485714285714284,0.001790941799018792,0.020008359788167306,0,1061.4164285714285,46.957359807700456,1178.8098280906797,0,0
2023-04-09,4604,0.0254,72.9,1096.76,0.0375,117,8529.19,76,41,14.43,5117.51,0.6,0.081007193879879,0.073394495412844,-0.010105353687379,9741.888571428572,0.0246285714285714,0.6168246156686318,0,0.024664285714285715,0.001744709428246186,0.02030251214367025,0,1067.3242857142857,45.72650127312678,1181.6405388971027,0,0
2023-04-10,5361,0.0248,73.59,1001.94,0.0286,132,9714.02,99,33,10.12,5828.41,0.6,0.1389147152308718,0.1282051282051282,0.1644222415291052,9646.842857142858,0.0249,-0.27034210885078375,0,0.024657142857142857,0.001743874680445543,0.020297456156029,0,1061.8164285714286,48.749571612656595,1183.69035760307,0,0
2023-04-11,5129,0.0246,68.28,1104.44,0.0299,125,8534.72,86,39,12.84,5120.83,0.6,-0.1214018501094296,-0.0530303030303029,-0.0432755083006901,9538.288571428571,0.025,-0.1407559580782849,0,0.024492857142857146,0.001620286909880411,0.020442139868156118,0,1059.2421428571429,45.09033977703811,1171.9679922997382,0,0
2023-04-12,5332,0.0262,70.41,1082.26,0.0263,139,9786.54,100,39,10.82,5871.92,0.6,0.1466738217539651,0.1120000000000001,0.0395788652758821,9688.837142857144,0.0255142857142857,-0.49960991406366645,0,0.02472142857142857,0.0016192014040301882,0.020673425061353102,0,1056.7164285714287,42.48379050290196,1162.9259048286835,0,0
2023-04-13,5351,0.0265,69.98,1111.69,0.0179,141,9867.08,97,44,11.46,5920.25,0.6,0.0082296705475068,0.014388489208633,0.0035633908477119,9370.814285714285,0.0251714285714285,-1.3369358113628904,0,0.02475714285714286,0.001654696944465096,0.02062040049598012,0,1065.1228571428571,40.72679375632553,1166.939841533671,0,0
2023-04-14,5263,0.0239,71.16,1096.09,0.0344,126,8966.29,89,37,12.32,5379.77,0.6,-0.0912924593699452,-0.1063829787234043,-0.0164455242010839,9041.125714285714,0.025,0.30781148690344223,0,0.02475714285714286,0.001654696944465096,0.02062040049598012,0,1070.2814285714287,39.659460188176055,1169.4300790418688,0,0
2023-04-15,4596,0.0238,74.83,1153.92,0.0337,109,8156.1,79,30,14.61,4893.66,0.6,-0.0903595578550325,-0.1349206349206348,-0.1267338020140603,9079.134285714286,0.0250285714285714,0.23803432879517364,0,0.02478571428571429,0.0016327688341998122,0.02070379220021476,0,1072.6178571428572,43.65301367313819,1181.7503913257028,0,0
2023-04-16,4713,0.0244,76.17,1092.8,0.0286,115,8759.67,83,32,13.17,5255.8,0.6,0.0740022805017104,0.0550458715596329,0.0254569190600522,9112.06,0.0248857142857142,-0.27034210885078375,0,0.024757142857142856,0.001635996184739947,0.020667152395292987,0,1077.3978571428572,41.76456616993129,1181.8092725676854,0,0
2023-04-17,5814,0.0204,82.75,1065.89,0.0303,118,9764.8,82,36,13.0,5858.88,0.6,0.114745190172689,0.0260869565217392,0.2336091661362189,9119.314285714285,0.0242571428571428,-0.10088329630213128,0,0.02457857142857143,0.001958876668450044,0.01968137975744632,0,1077.4907142857141,41.73533431302201,1181.8290500682692,0,0
2023-04-18,5475,0.022,70.01,1094.3,0.0326,120,8400.99,83,37,13.18,5040.59,0.6,-0.1396659429788628,0.0169491525423728,-0.0583075335397317,9100.21,0.0238857142857142,0.1283845089107511,0,0.024442857142857145,0.002072053713928945,0.01926272285803478,0,1076.787142857143,41.33242356023379,1180.1182017577275,0,0
2023-04-19,5496,0.0277,79.92,1116.18,0.0222,152,12148.09,109,43,10.24,7288.85,0.6,0.4460307654216944,0.2666666666666666,0.0038356164383561,9437.574285714289,0.0241,-0.9083046972692399,0,0.024807142857142857,0.0021691771873984422,0.01938419988864675,0,1083.01,40.13494717344609,1183.3473679336153,0,0
2023-04-20,5434,0.0283,73.93,1092.28,0.0274,153,11311.3,114,39,9.58,6786.78,0.6,-0.0688824333701841,0.006578947368421,-0.0112809315866084,9643.891428571427,0.0243571428571428,-0.38996009417924427,0,0.02476428571428571,0.0020864423687803847,0.01954817979233475,0,1083.632142857143,40.21173024008071,1184.1614684573447,0,0
2023-04-21,5069,0.0245,74.75,1092.69,0.034,124,9269.33,87,37,12.56,5561.6,0.6,-0.1805247849495637,-0.1895424836601307,-0.0671696724328303,9687.182857142858,0.0244428571428571,0.26793882512728895,0,0.02472142857142857,0.002085177937962892,0.019508483726521343,0,1089.3657142857144,34.609273927058254,1175.88889910336,0,0
2023-04-22,4652,0.0262,78.37,1056.38,0.0237,121,9483.27,89,32,11.87,5689.96,0.6,0.0230804168154548,-0.0241935483870967,-0.0822647464983231,9876.778571428573,0.0247857142857142,-0.7587822156086644,0,0.024907142857142857,0.0020933830865976,0.019673685140648857,0,1089.83,34.078350673342406,1175.025876683356,0,0
2023-04-23,4673,0.0256,69.39,1059.16,0.0315,119,8256.98,82,37,12.92,4954.19,0.6,-0.1293108811622996,-0.0165289256198346,0.0045141874462597,9804.965714285716,0.0249571428571428,0.018734689026329243,0,0.02492142857142857,0.0020976831803861313,0.019677220620463242,0,1087.1442857142858,34.96039841224316,1174.5452817448938,0,0
2023-04-24,5958,0.0312,76.91,1023.0,0.0232,185,14228.73,133,52,7.69,8537.24,0.6,0.7232365828668594,0.5546218487394958,0.2749839503530922,10442.67,0.0265,-0.8086230428288564,0,0.025378571428571427,0.0026844791992914987,0.01866737343034268,0,1088.6485714285716,31.270558494714216,1166.8249676653572,0,0
2023-04-25,5431,0.0272,75.83,1181.43,0.0323,147,11147.34,106,41,11.15,6688.41,0.6,-0.2165611407342749,-0.2054054054054054,-0.0884525008392077,10835.005714285717,0.0272428571428571,0.09848001257863648,0,0.025564285714285713,0.002716221114500309,0.018773732928034942,0,1094.1478571428572,39.85324621052079,1193.7809726691592,0,0
2023-04-26,5534,0.0247,77.46,1032.59,0.0298,136,10534.87,94,42,10.98,6320.92,0.6,-0.0549431523574233,-0.074829931972789,0.0189651997790463,10604.545714285714,0.0268142857142857,-0.1507241235223232,0,0.025457142857142855,0.0027187990238096466,0.018660145297618738,0,1090.6,43.073713740337354,1198.2842843508433,0,0
2023-04-27,5471,0.0231,76.45,1060.96,0.0219,126,9632.18,86,40,12.34,5779.31,0.6,-0.0856859173392743,-0.0735294117647058,-0.0113841705818575,10364.671428571428,0.0260714285714285,-0.9382091936013552,0,0.025214285714285713,0.0027698534098554864,0.018289652189646996,0,1086.9764285714286,43.296296094405356,1195.217168807442,0,0
2023-04-28,5248,0.0218,87.28,1060.51,0.0358,114,9949.52,82,32,12.93,5969.71,0.6,0.0329458128897093,-0.0952380952380952,-0.0407603728751599,10461.841428571428,0.0256857142857142,0.44736580311997937,0,0.025064285714285713,0.002900293656977418,0.017813551571842168,0,1084.435,43.76193547083773,1193.8398386770943,0,0
2023-04-29,4914,0.0254,71.81,1142.0,0.0263,124,8904.6,85,39,13.44,5342.76,0.6,-0.1050221518223994,0.087719298245614,-0.0636432926829267,10379.174285714284,0.0255714285714285,-0.49960991406366645,0,0.02517857142857143,0.0028780812442236233,0.01798336831801237,0,1083.5835714285715,42.40083990589331,1189.5856711933047,0,0
2023-04-30,4840,0.0235,72.35,1083.33,0.0259,113,8174.99,77,36,14.07,4904.99,0.6,-0.0819363025851808,-0.0887096774193548,-0.015059015059015,10367.461428571429,0.0252714285714285,-0.5394825758398201,0,0.025114285714285717,0.0029067182507100924,0.017847490087510486,0,1082.9071428571428,42.31795571414215,1188.7020321424982,0,0
2023-05-01,5652,0.0222,71.88,1161.29,0.031,125,8985.54,85,40,13.66,5391.32,0.6,0.0991499683791663,0.1061946902654866,0.1677685950413223,9618.434285714287,0.0239857142857142,-0.031106138193862695,0,0.025242857142857143,0.002715685006576648,0.018453644626415522,0,1089.7214285714285,46.80953894521553,1206.7452759344674,0,0
2023-05-02,5316,0.0237,72.22,1066.05,0.0357,126,9100.05,86,40,12.4,5460.03,0.6,0.0127438083854725,0.008,-0.0594479830148619,9325.964285714286,0.0234857142857142,0.4373976376759414,0,0.025364285714285718,0.00259484908197797,0.018877163009340794,0,1087.7035714285714,47.20421829376258,1205.7141171629778,0,0
2023-05-03,5783,0.0228,71.81,1114.5,0.0249,132,9479.32,94,38,11.86,5687.59,0.6,0.0416777929791594,0.0476190476190476,0.0878480060195636,9175.171428571428,0.0232142857142857,-0.639164230280204,0,0.025014285714285715,0.0025860147964527724,0.018549248723153784,0,1087.5835714285715,47.128332913298856,1205.4044037118188,0,0
2023-05-04,5226,0.0284,80.95,1059.61,0.0303,148,11979.87,105,43,10.09,7187.92,0.6,0.2637900186933242,0.1212121212121211,-0.0963167905931177,9510.555714285714,0.0239714285714285,-0.10088329630213128,0,0.025021428571428573,0.002595907599229297,0.01853165957335533,0,1085.25,47.683462219418246,1204.4586555485457,0,0
2023-05-05,5628,0.0268,82.1,1209.46,0.0321,150,12315.38,107,43,11.3,7389.23,0.6,0.0280061469782224,0.0135135135135135,0.0769230769230768,9848.535714285714,0.0246857142857142,0.07854368169055916,0,0.025185714285714287,0.0026328858524607684,0.018603499654562365,0,1093.5907142857143,58.14907148729957,1238.9633930039631,0,0
2023-05-06,5153,0.025,72.15,1043.64,0.0335,128,9234.72,90,38,11.6,5540.83,0.6,-0.250147376694832,-0.1466666666666666,-0.0843994314143568,9895.695714285714,0.0246285714285714,0.218097997907097,0,0.0251,0.002616809566570036,0.01855797608357491,0,1092.6807142857142,58.871393009126905,1239.8591968085316,0,0
2023-05-07,4521,0.028,70.84,1119.34,0.0309,126,8925.62,86,40,13.02,5355.37,0.6,-0.0334715075281111,-0.015625,-0.1226470017465554,10002.92857142857,0.0252714285714285,-0.041074303637901016,0,0.025271428571428573,0.0027283211438055496,0.0184506257119147,0,1096.9792857142857,58.43097380200383,1243.0567202192951,0,0
2023-05-08,5410,0.0252,77.36,1136.36,0.0282,136,10520.56,97,39,11.72,6312.34,0.6,0.178692348542734,0.0793650793650793,0.196637911966379,10222.217142857142,0.0257,-0.31021477062693736,0,0.024842857142857142,0.0021313463732198735,0.019514491209807458,0,1105.0764285714286,55.153169182550336,1242.9593515278043,0,0
2023-05-09,5547,0.0233,72.24,1126.18,0.0259,129,9318.82,93,36,12.11,5591.29,0.6,-0.1142277597390253,-0.0514705882352941,0.0253234750462107,10253.47,0.0256428571428571,-0.5394825758398201,0,0.024564285714285712,0.0020529929906797926,0.019431803237586233,0,1101.1299999999999,51.09703408523429,1228.8725852130856,0,0
2023-05-10,5430,0.028,78.16,1097.05,0.0304,152,11881.03,108,44,10.16,7128.62,0.6,0.2749500473235882,0.1782945736434109,-0.0210924824229312,10596.57142857143,0.0263857142857142,-0.09091513085809295,0,0.0248,0.0022497863146393716,0.01917553421340157,0,1105.7342857142858,47.20162329579503,1223.7383439537734,0,0
2023-05-11,5225,0.0261,76.01,1100.65,0.0246,136,10337.99,96,40,11.47,6202.79,0.6,-0.1298742617433,-0.1052631578947368,-0.0377532228360957,10362.017142857145,0.0260571428571428,-0.6690687266123189,0,0.025014285714285715,0.0022180577584410125,0.019469141318183183,0,1108.5692857142856,45.46554425974752,1222.2331463636544,0,0
2023-05-12,5553,0.0229,67.42,1110.16,0.0154,127,8562.5,86,41,12.91,5137.5,0.6,-0.1717442172027637,-0.0661764705882352,0.0627751196172248,9825.891428571427,0.0255,-1.5861399474638498,0,0.025092857142857142,0.0021124044942323187,0.019811845907276346,0,1112.1157142857141,43.313934107997845,1220.4005495557087,0,0
2023-05-13,4531,0.0246,82.74,1101.44,0.0322,111,9183.87,78,33,14.12,5510.32,0.6,0.0725687591240877,-0.1259842519685039,-0.1840446605438501,9818.627142857144,0.0254428571428571,0.08851184713459782,0,0.02503571428571429,0.002114276433006097,0.019750023203199046,0,1109.2185714285713,42.51031709291938,1215.4943641608697,0,0
2023-05-14,4842,0.0232,83.98,1157.81,0.0345,112,9405.69,76,36,15.23,5643.41,0.6,0.024153216454501,0.0090090090090089,0.0686382696976384,9887.20857142857,0.0247571428571428,0.3177796523474809,0,0.025014285714285715,0.0021324803697742862,0.019683084789849998,0,1114.5385714285715,43.66597599207588,1223.7035114087612,0,0
2023-05-15,5368,0.0222,71.94,1220.97,0.0182,119,8560.39,83,36,14.71,5136.23,0.6,-0.0898711311982428,0.0625,0.1086327963651383,9607.184285714287,0.0243285714285714,-1.307031315030775,0,0.025014285714285715,0.0021324803697742862,0.019683084789849998,0,1118.8014285714287,50.895724900886286,1246.0407408236445,0,0
2023-05-16,5866,0.0269,73.06,1083.39,0.025,157,11470.65,104,53,10.42,6882.39,0.6,0.3399681556564595,0.3193277310924369,0.0927719821162444,9914.58857142857,0.0248428571428571,-0.6291960648361653,0,0.025242857142857143,0.0021521775326093073,0.019862413311333874,0,1120.04,49.710432119811045,1244.3160802995276,0,0
2023-05-17,5403,0.0288,76.43,1043.6,0.0331,155,11846.55,103,52,10.13,7107.93,0.6,0.0327705927737311,-0.0127388535031847,-0.0789294237981589,9909.662857142856,0.0249571428571428,0.17822533613094305,0,0.02567142857142857,0.0022244890757996123,0.02011020588192954,0,1114.9757142857143,53.76442628788873,1249.386780005436,0,0
2023-05-18,5500,0.0222,76.67,1108.5,0.0403,122,9354.02,84,38,13.2,5612.41,0.6,-0.2104013404746528,-0.2129032258064516,0.0179529890801406,9769.095714285711,0.0244,0.8959332481017068,0,0.02522857142857143,0.002256419413900865,0.019587522893819268,0,1118.4678571428572,51.42867924515446,1247.0395552557434,0,0
2023-05-19,5731,0.0261,78.29,1242.72,0.0301,149,11665.62,102,47,12.18,6999.37,0.6,0.2471236965497187,0.2213114754098359,0.042,10212.39857142857,0.0248571428571428,-0.12081962719020825,0,0.02517857142857143,0.0022264765442730253,0.019612380067888867,0,1120.8435714285713,56.47588070714996,1262.0332731964463,0,0
2023-05-20,4526,0.0237,85.05,1074.38,0.0264,107,9100.46,75,32,14.33,5460.28,0.6,-0.2198905844695782,-0.2818791946308725,-0.2102599895306229,10200.482857142855,0.0247285714285714,-0.4896417486196281,0,0.025085714285714288,0.002261332875457862,0.01943238209706963,0,1123.0392857142858,53.77646188897689,1257.480440436728,0,0
2023-05-21,4822,0.024,74.12,1197.34,0.0291,115,8523.26,80,35,14.97,5113.95,0.6,-0.0634253653112039,0.0747663551401869,0.0653999116217409,10074.421428571428,0.0248428571428571,-0.2205012816305918,0,0.0248,0.0021125995652458754,0.019518501086885312,0,1128.6107142857143,57.289509103295515,1271.834487043953,0,0
2023-05-22,5842,0.0238,71.01,1200.09,0.0369,139,9870.18,97,42,12.37,5922.11,0.6,0.1580287354838407,0.2086956521739129,0.211530485275819,10261.534285714286,0.0250714285714285,0.5570156230044019,0,0.0247,0.0021253054079174625,0.01938673648020634,0,1133.162857142857,60.40012155216542,1284.1631610232707,0,0
2023-05-23,5263,0.0233,68.1,1089.35,0.0268,122,8308.62,86,36,12.67,4985.17,0.6,-0.1582098806708691,-0.1223021582733813,-0.0991098938719616,9809.815714285713,0.0245571428571428,-0.4497690868434745,0,0.0247,0.0021253054079174625,0.01938673648020634,0,1130.5321428571428,61.519345197395914,1284.3305058506326,0,0
2023-05-24,5626,0.0251,71.35,1146.31,0.026,141,10059.69,97,44,11.82,6035.82,0.6,0.2107534103136259,0.1557377049180328,0.0689720691620747,9554.55,0.0240285714285714,-0.5295144103957817,0,0.024492857142857143,0.0019092746450759242,0.019719670530167332,0,1134.0507142857143,60.86223402258295,1286.2062993421716,0,0
2023-05-25,5645,0.0233,74.83,1200.1,0.0276,131,9803.3,91,40,13.19,5881.98,0.6,-0.0254868688796574,-0.0709219858156028,0.0033771773906861,9618.732857142855,0.0241857142857142,-0.3700237632911676,0,0.024292857142857144,0.0018743057322705109,0.019607092812180867,0,1141.1542857142856,62.447023789926526,1297.271845189102,0,0
2023-05-26,5753,0.0255,83.97,1100.55,0.0252,146,12260.03,106,40,10.38,7356.02,0.6,0.2506023481888753,0.1145038167938932,0.0191319751992913,9703.648571428572,0.0241,-0.6092597339480886,0,0.02447857142857143,0.0018543829873400985,0.019842613960221182,0,1140.4678571428572,62.865341947147144,1297.631212010725,0,0
2023-05-27,4554,0.0249,72.41,1110.15,0.0306,113,8182.55,79,34,14.05,4909.53,0.6,-0.3325831992254505,-0.226027397260274,-0.2084130019120459,9572.518571428573,0.0242714285714285,-0.07097879997001631,0,0.024499999999999997,0.00185762462052196,0.0198559384486951,0,1141.09,62.4913814365311,1297.3184535913276,0,0
2023-05-28,4541,0.0245,76.12,1092.07,0.0381,111,8449.2,77,34,14.18,5069.52,0.6,0.032587640772131,-0.0176991150442478,-0.0028546332894159,9561.938571428573,0.0243428571428571,0.6766336083328625,0,0.024592857142857142,0.0018197482013959088,0.02004348663936737,0,1136.3942857142858,63.59847091948497,1295.3904630129982,0,0
2023-05-29,5714,0.0232,74.92,1071.24,0.0316,132,9889.16,92,40,11.64,5933.5,0.6,0.1704256024238979,0.1891891891891892,0.2583131468839463,9564.65,0.0242571428571428,0.028702854470367908,0,0.024664285714285715,0.0017363122472010474,0.020323505096283098,0,1125.6992857142857,60.81030953386332,1277.725059548944,0,0
2023-05-30,5673,0.0238,80.94,1090.34,0.0287,135,10927.17,94,41,11.6,6556.3,0.6,0.1049644256943966,0.0227272727272727,-0.0071753587679384,9938.728571428572,0.0243285714285714,-0.2603739434067454,0,0.024442857142857145,0.0016232513837804606,0.020384728683405993,0,1126.1957142857143,60.465738514185105,1277.360060571177,0,0
2023-05-31,5668,0.0265,87.63,1062.43,0.0285,150,13145.2,102,48,10.42,7887.12,0.6,0.2029830230517142,0.1111111111111111,-0.0008813678829543,10379.515714285715,0.0245285714285714,-0.280310274294822,0,0.02427857142857143,0.0012128660091057367,0.021246406405807088,0,1127.5407142857143,58.66991097058674,1274.2154917121811,0,0
2023-06-01,5691,0.026,72.35,1126.15,0.0222,147,10634.81,99,48,11.38,6380.89,0.6,-0.190973891610626,-0.02,0.0040578687367678,10498.302857142857,0.0249142857142857,-0.9083046972692399,0,0.02455,0.001134595827732422,0.021713510430668943,0,1128.8014285714285,58.41838065028908,1274.847380197151,0,0
2023-06-02,5490,0.023,72.55,1086.78,0.0344,126,9141.65,86,40,12.64,5484.99,0.6,-0.1404030725513666,-0.1428571428571429,-0.0353189246178176,10052.820000000002,0.0245571428571428,0.30781148690344223,0,0.02432857142857143,0.0011110830277281784,0.021550863859250983,0,1117.662857142857,49.15955520681348,1240.5617451598907,0,0
2023-06-03,4876,0.0252,80.22,1137.79,0.0296,122,9786.94,87,35,13.08,5872.16,0.6,0.0705879135604623,-0.0317460317460317,-0.1118397085610199,10282.018571428573,0.0246,-0.17066045441039984,0,0.024435714285714286,0.0011181077028466265,0.02164044502859772,0,1122.1921428571427,47.76633706485437,1241.6079855192786,0,0
2023-06-04,4893,0.0265,78.41,1049.13,0.0291,129,10114.82,88,41,11.92,6068.89,0.6,0.0335017891189686,0.0573770491803278,0.0034864643150123,10519.964285714286,0.0248857142857142,-0.2205012816305918,0,0.02461428571428571,0.0012365318390608142,0.021522956116633674,0,1111.6057142857142,46.22932813939282,1227.1790346341961,0,0
2023-06-05,5495,0.0217,84.23,1144.29,0.046,119,10023.79,82,37,13.95,6014.27,0.6,-0.008999665836861,-0.0775193798449612,0.1230329041487838,10539.197142857143,0.0246714285714285,1.464118678411894,0,0.024464285714285716,0.00145158117654096,0.020835332772933316,0,1107.6200000000001,39.99937595666906,1207.6184398916728,0,0
2023-06-06,6016,0.0261,77.92,1170.25,0.0315,156,12155.46,111,45,10.54,7293.28,0.6,0.2126610792923633,0.3109243697478991,0.0948134667879891,10714.667142857144,0.0249999999999999,0.018734689026329243,0,0.024664285714285715,0.001471580596008789,0.02098533422426374,0,1113.3985714285714,42.89574891204431,1220.637943708682,0,0
2023-06-07,5741,0.0237,73.2,1029.71,0.0262,135,9882.48,93,42,11.07,5929.49,0.6,-0.18699251200695,-0.1346153846153845,-0.0457114361702127,10248.564285714285,0.0246,-0.5095780795077047,0,0.024564285714285712,0.0014871796450676112,0.020846336601616684,0,1105.0700000000002,47.125113344077874,1222.882783360195,0,0
2023-06-08,5412,0.0261,77.95,1148.92,0.0279,141,10991.41,100,41,11.49,6594.85,0.6,0.1122117120398928,0.0444444444444445,-0.0573070893572548,10299.507142857145,0.0246142857142857,-0.3401192669590523,0,0.024764285714285714,0.001492343094629398,0.02103342797771222,0,1101.4142857142858,40.738485058173765,1203.2604983597203,0,0
2023-06-09,5786,0.0235,80.54,1192.43,0.0357,135,10873.37,90,45,13.25,6524.02,0.6,-0.0107392955043983,-0.0425531914893616,0.0691056910569105,10546.895714285714,0.0246857142857142,0.4373976376759414,0,0.024621428571428572,0.00151209410138017,0.020841193317978148,0,1107.9771428571428,47.43840709943527,1226.573160605731,0,0
2023-06-10,4664,0.0214,79.1,1071.39,0.0306,99,7831.14,69,30,15.53,4698.68,0.6,-0.279787223280363,-0.2666666666666667,-0.1939163498098859,10267.495714285717,0.0241428571428571,-0.07097879997001631,0,0.02437142857142857,0.0017353468158926323,0.02003306153169699,0,1105.2085714285715,48.42267425925033,1226.2652570766973,0,0
2023-06-11,5020,0.0217,77.54,1216.32,0.0228,109,8451.46,76,33,16.0,5070.88,0.6,0.0792119665846862,0.101010101010101,0.0763293310463122,10029.872857142856,0.0234571428571428,-0.8484957046050097,0,0.02417142857142857,0.001875111718283494,0.019483649275719835,0,1114.0835714285715,56.53605297740208,1255.4237038720767,0,0
2023-06-12,5899,0.0251,80.33,1154.47,0.0346,148,11889.34,103,45,11.21,7133.6,0.6,0.4067794203605059,0.3577981651376147,0.1750996015936254,10296.38,0.0239428571428571,0.32774781779151885,0,0.024307142857142857,0.0018681394634622915,0.01963679419848713,0,1120.0285714285715,56.05829271764758,1260.1743032226905,0,0
2023-06-13,5507,0.0255,80.85,1099.09,0.0267,140,11318.51,93,47,11.82,6791.1,0.6,-0.0480119165571848,-0.054054054054054,-0.0664519410069502,10176.815714285714,0.0238571428571428,-0.45973725228751283,0,0.02442857142857143,0.0018877860746748796,0.019709106241884232,0,1120.6535714285715,55.74975827572775,1260.027967117891,0,0
2023-06-14,5868,0.0232,81.91,1132.38,0.0394,136,11139.87,98,38,11.55,6683.92,0.6,-0.0157829961717574,-0.0285714285714285,0.0655529326311967,10356.442857142858,0.0237857142857142,0.8062197591053609,0,0.024192857142857144,0.0018138205685638193,0.019658305721447597,0,1125.65,53.20677140248974,1258.6669285062244,0,0
2023-06-15,5762,0.005,78.24,1163.91,0.0354,28,2190.82,19,9,61.26,1314.49,0.6,-0.8033352274308407,-0.7941176470588236,-0.0180640763462849,9099.215714285714,0.0207714285714285,0.4074931413438261,0,0.022692857142857147,0.005380658279103367,0.009241211445098728,1,1128.347142857143,54.18218575091936,1263.8026072344412,0,1
2023-06-16,5848,0.0023,74.16,1140.61,0.0278,13,964.14,9,4,126.73,578.48,0.6,-0.5599182041427411,-0.5357142857142857,0.0149253731343284,7683.611428571429,0.0177428571428571,-0.350087432403091,0,0.021214285714285713,0.007653742889578946,0.002079928490338348,0,1132.1921428571427,52.90033752670614,1264.442986673908,0,0
2023-06-17,5267,0.0038,75.73,1164.58,0.0364,20,1514.67,14,6,83.18,908.8,0.6,0.5710062853942375,0.5384615384615385,-0.0993502051983584,6781.258571428572,0.0152285714285714,0.50717479578421,0,0.019685714285714286,0.008841324051804175,-0.0024175958437961526,0,1134.1057142857142,53.59834020310092,1268.1015647934664,0,0
2023-06-18,4843,0.0026,81.03,1092.43,0.0303,12,972.39,8,4,136.55,583.43,0.6,-0.3580185783041851,-0.4,-0.0805012340991077,5712.820000000001,0.0124999999999999,-0.10088329630213128,0,0.017978571428571427,0.009690929825311957,-0.006248753134708466,0,1137.1985714285713,49.402771155088736,1260.705499316293,0,0
2023-06-19,5545,0.0237,70.92,1147.75,0.0343,131,9289.91,97,34,11.83,5573.94,0.6,8.553687306533387,9.916666666666666,0.1449514763576296,5341.472857142857,0.0123,0.29784332145940356,0,0.01812142857142857,0.009764470805419517,-0.006289748442120224,0,1137.4457142857143,49.449608027423274,1261.0697343542724,0,0
2023-06-20,5522,0.0251,76.84,1069.42,0.0324,138,10604.38,93,45,11.5,6362.63,0.6,0.1414943740036232,0.0534351145038167,-0.0041478809738503,5239.454285714286,0.0122428571428571,0.10844817802267445,0,0.01805,0.009705093825092373,-0.006212734562730932,0,1130.2435714285714,51.60024830100288,1259.2441921810787,0,0
2023-06-21,5541,0.0233,73.03,1135.37,0.0258,129,9421.3,88,41,12.9,5652.78,0.6,-0.1115652211633306,-0.0652173913043477,0.0034407823252444,4993.944285714286,0.0122571428571428,-0.5494507412838584,0,0.01802142857142857,0.009687754250474273,-0.0061979570547571125,0,1137.7907142857143,42.72943796355376,1244.6143091945987,0,0
2023-06-22,5693,0.0242,75.14,1096.56,0.0268,137,10294.69,96,41,11.42,6176.81,0.6,0.0927037669960622,0.0620155038759691,0.0274318715033388,6151.639999999999,0.015,-0.4497690868434745,0,0.017885714285714286,0.009578570404241487,-0.006060711724889433,0,1134.0507142857143,43.954301174721394,1243.9364672225179,0,0
2023-06-23,5781,0.027,81.39,1105.81,0.0351,156,12697.19,105,51,10.53,7618.32,0.6,0.233372738761439,0.1386861313868612,0.0154575794835762,7827.79,0.0185285714285714,0.3775886450117108,0,0.018135714285714283,0.009779932919610842,-0.006314118013312824,0,1127.8635714285713,41.10887450644554,1230.635757694685,0,0
2023-06-24,4972,0.0238,75.96,1205.21,0.0283,118,8962.75,84,34,14.35,5377.65,0.6,-0.2941154696432833,-0.2435897435897436,-0.139941186645909,8891.801428571429,0.0213857142857142,-0.30024660518289903,0,0.01830714285714286,0.00986224067891223,-0.006348458840137714,0,1137.422142857143,42.501847955944264,1243.6767627470035,0,0
2023-06-25,5086,0.0267,75.23,1198.8,0.028,135,10156.34,96,39,12.49,6093.81,0.6,0.1331722964491926,0.1440677966101695,0.0229283990345936,10203.794285714286,0.0248285714285714,-0.330151101515014,0,0.018664285714285717,0.010082628407533205,-0.0065422853045472955,0,1136.1707142857142,40.195423096566124,1236.6592720271294,0,0
2023-06-26,5727,0.0227,68.2,1175.51,0.0252,130,8866.09,92,38,12.78,5319.66,0.6,-0.1270388742401298,-0.037037037037037,0.1260322453794731,10143.248571428572,0.0246857142857142,-0.6092597339480886,0,0.018492857142857144,0.009984716342468643,-0.006468933713314463,0,1137.6735714285714,41.31011416611501,1240.948856843859,0,0
2023-06-27,6020,0.0261,78.73,1091.26,0.0321,156,12282.08,109,47,10.01,7369.25,0.6,0.3852870882203993,0.1999999999999999,0.0511611664047493,10382.92,0.0248285714285714,0.07854368169055916,0,0.018535714285714287,0.010018337582258239,-0.006510129669931308,0,1137.1142857142856,41.921153410856625,1241.9171692414272,0,0
2023-06-28,5680,0.0279,78.23,1130.88,0.0403,158,12359.93,114,44,9.92,7415.96,0.6,0.0063385029245861,0.0128205128205127,-0.0564784053156146,10802.724285714286,0.0254857142857142,0.8959332481017068,0,0.01887142857142857,0.01026243550126296,-0.006784660181728831,0,1137.0071428571428,41.9360983527893,1241.847388739116,0,0
2023-06-29,6281,0.0201,85.82,1208.18,0.0247,125,10727.03,84,41,14.38,6436.22,0.6,-0.1321123986948146,-0.2088607594936709,0.1058098591549296,10864.487142857144,0.0249,-0.6591005611682805,0,0.01995,0.009454079298621064,-0.003685198246552661,0,1140.1692857142857,45.62733348541074,1254.2376194278127,0,0
2023-06-30,5866,0.0234,73.46,1155.44,0.0301,137,10064.17,96,41,12.04,6038.5,0.6,-0.0617934321056248,0.096,-0.0660722814838401,10488.341428571428,0.0243857142857142,-0.12081962719020825,0,0.02145714285714286,0.007992853951231331,0.0014750079790645312,0,1141.2285714285713,45.81013288264015,1255.7539036351716,0,0
2023-07-01,4774,0.0262,76.1,1265.14,0.0371,124,9435.87,84,40,15.06,5661.52,0.6,-0.0624293906005164,-0.0948905109489051,-0.1861575178997613,10555.930000000002,0.0247285714285714,0.5769519538924786,0,0.02305714285714286,0.006235100922718379,0.007469390550346913,0,1148.4114285714284,56.41046845797531,1289.4375997163665,0,0
2023-07-02,4735,0.0246,76.25,1169.67,0.0296,116,8844.64,83,33,14.09,5306.79,0.6,-0.0626577093580137,-0.0645161290322581,-0.008169250104734,10368.544285714286,0.0244285714285714,-0.17066045441039984,0,0.024628571428571434,0.002051426734824266,0.01950000459151077,0,1153.9285714285713,54.24991653409174,1289.5533627638006,0,0
2023-07-03,5850,0.0257,82.89,1160.43,0.0323,150,12433.09,99,51,11.72,7459.85,0.6,0.405720300656669,0.2931034482758621,0.235480464625132,10878.115714285714,0.0248571428571428,0.09848001257863648,0,0.024771428571428576,0.002051426734824267,0.01964286173436791,0,1154.8342857142857,54.24467655047647,1290.4459770904768,0,0
2023-07-04,5713,0.0238,74.52,1136.19,0.0247,135,10060.68,94,41,12.09,6036.41,0.6,-0.190814190197288,-0.0999999999999999,-0.0234188034188034,10560.772857142858,0.0245285714285714,-0.6591005611682805,0,0.02467857142857143,0.0020647885238812592,0.019516600118868285,0,1159.6035714285715,48.821392002203794,1281.657051434081,0,0
2023-07-05,5905,0.0252,76.4,1159.15,0.0321,148,11306.48,104,44,11.15,6783.89,0.6,0.1238286080066157,0.0962962962962963,0.0336075617013829,10410.28,0.0241428571428571,0.07854368169055916,0,0.024814285714285716,0.0020293451550295392,0.019740922826711867,0,1161.3021428571428,48.32455645521529,1282.1135339951811,0,0
2023-07-06,5861,0.0247,78.04,1145.67,0.0291,144,11237.69,98,46,11.69,6742.61,0.6,-0.0060841216718199,-0.0270270270270269,-0.0074513124470787,10483.231428571427,0.0248,-0.2205012816305918,0,0.024850000000000004,0.002022089551391397,0.01979477612152151,0,1164.81,44.92640460541122,1277.126011513528,0,0
2023-07-07,5756,0.0273,75.93,1189.53,0.0349,157,11921.49,107,50,11.12,7152.89,0.6,0.0608488043361223,0.0902777777777776,-0.0179150315645794,10748.562857142855,0.0253571428571428,0.35765231412363413,0,0.024871428571428572,0.0020480491924037376,0.019751305590419228,0,1170.7900000000002,41.94171468561006,1275.6442867140254,0,0
2023-07-08,4805,0.0255,72.77,1202.78,0.0359,122,8877.68,85,37,14.15,5326.61,0.6,-0.255321272760368,-0.2229299363057324,-0.1652189020152884,10668.82142857143,0.0252571428571428,0.45733396856401803,0,0.024992857142857147,0.0020299542570497487,0.019917971500232775,0,1170.6164285714287,41.79307867009993,1275.0991252466786,0,0
2023-07-09,4675,0.0257,75.97,1116.47,0.0429,120,9116.45,86,34,12.98,5469.87,0.6,0.0268955402762884,-0.0163934426229508,-0.0270551508844952,10707.651428571427,0.0254142857142857,1.1551055496467044,0,0.024921428571428574,0.001982298033723891,0.019965683487118847,0,1164.7357142857143,43.287910324011534,1272.955490095743,0,0
2023-07-10,5693,0.0242,80.37,1090.03,0.0329,137,11010.44,93,44,11.72,6606.26,0.6,0.2077552117326371,0.1416666666666666,0.2177540106951871,10504.415714285717,0.0252,0.1582890052428664,0,0.02502857142857143,0.001891449818943799,0.020299946881211936,0,1158.63,47.47704173921932,1277.3226043480483,0,0
2023-07-11,5958,0.024,69.87,1065.61,0.0316,143,9991.04,97,46,10.99,5994.62,0.6,-0.0925848558277416,0.0437956204379561,0.0465483927630423,10494.467142857144,0.0252285714285714,0.028702854470367908,0,0.024878571428571427,0.0018831963709153323,0.020170580501283095,0,1156.797857142857,50.66474455880215,1283.4597185398625,0,0
2023-07-12,5834,0.0241,75.66,1183.64,0.031,140,10593.08,101,39,11.72,6355.85,0.6,0.0602579911600793,-0.0209790209790209,-0.0208123531386371,10392.55285714286,0.0250714285714285,-0.031106138193862695,0,0.02460714285714286,0.0016767478989053813,0.020415273109879405,0,1160.5664285714288,50.55069650393406,1286.943169831264,0,0
2023-07-13,5546,0.0258,71.5,1103.9,0.0282,143,10224.41,99,44,11.15,6134.65,0.6,-0.0348029090689393,0.0214285714285713,-0.0493657867672265,10247.798571428571,0.0252285714285714,-0.31021477062693736,0,0.025014285714285715,0.0010861768823632416,0.02229884350837761,0,1153.1178571428572,50.67782312405777,1279.8124149530017,0,0
2023-07-14,5834,0.0242,80.98,1052.25,0.0317,140,11336.53,95,45,11.08,6801.92,0.6,0.1087710684528497,-0.0209790209790209,0.0519293184276956,10164.232857142855,0.0247857142857142,0.03867101991440588,0,0.02507142857142857,0.0010133179100426978,0.022538133796321826,0,1145.747142857143,57.37561200324685,1289.1861728652602,0,0
2023-07-15,5080,0.0256,67.38,1180.14,0.0285,129,8692.54,92,37,12.83,5215.53,0.6,-0.2332274514335515,-0.0785714285714286,-0.1292423723003085,10137.784285714286,0.0248,-0.280310274294822,0,0.025028571428571428,0.0009738334808126903,0.022593987726539703,0,1139.6757142857143,47.39980034269488,1258.1752151424516,0,0
2023-07-16,4830,0.0292,72.21,1286.19,0.0308,140,10108.75,96,44,13.4,6065.25,0.6,0.1629224599484153,0.0852713178294573,-0.0492125984251968,10279.54142857143,0.0253,-0.05104246908193933,0,0.025357142857142856,0.0014684970263788909,0.021685900291195628,0,1147.9985714285715,61.271547777356176,1301.177440871962,0,0
2023-07-17,5842,0.0267,76.89,1162.06,0.0366,156,11994.23,112,44,10.38,7196.54,0.6,0.1865195993569925,0.1142857142857143,0.2095238095238094,10420.082857142856,0.0256571428571428,0.5271111266722867,0,0.02542857142857143,0.0015101852007815045,0.02165310842661767,0,1148.115,61.29852987947173,1301.3613246986793,0,0
2023-07-18,5827,0.0243,82.83,1205.11,0.025,141,11678.69,96,45,12.55,7007.22,0.6,-0.0263076495948467,-0.0961538461538461,-0.0025676138308798,10661.175714285717,0.0257,-0.6291960648361653,0,0.025464285714285714,0.0014741919000733565,0.021778805964102324,0,1153.037857142857,63.01072438373101,1310.5646681021847,0,0
2023-07-19,5591,0.0274,74.67,1168.1,0.0357,153,11424.7,106,47,11.02,6854.82,0.6,-0.0217481583979024,0.0851063829787233,-0.0405011154968251,10779.978571428572,0.0261714285714285,0.4373976376759414,0,0.025621428571428573,0.0015586871060304687,0.021724710806352403,0,1153.677142857143,63.122808437638625,1311.4841639512397,0,0
2023-07-20,5895,0.0242,72.22,1159.89,0.0366,142,10255.81,102,40,11.37,6153.49,0.6,-0.1023125333706794,-0.0718954248366012,0.0543730996243962,10784.464285714286,0.0259428571428571,0.5271111266722867,0,0.025585714285714285,0.0015868968959078281,0.021618472045944713,0,1154.6928571428573,63.09845669556836,1312.4389988817782,0,0
2023-07-21,5940,0.0209,84.41,1211.61,0.0294,124,10466.32,86,38,14.09,6279.79,0.6,0.0205259262798356,-0.1267605633802817,0.0076335877862594,10660.148571428572,0.0254714285714285,-0.19059678529847682,0,0.025128571428571427,0.001938051587560062,0.020283442459671272,0,1156.27,64.3006815372413,1317.0217038431033,0,0
2023-07-22,5249,0.023,67.76,1151.97,0.0194,120,8131.19,85,35,13.55,4878.71,0.6,-0.2231089819535424,-0.032258064516129,-0.1163299663299662,10579.955714285712,0.0251,-1.1874133297023146,0,0.02495,0.002014848724995377,0.019912878187511557,0,1152.6407142857142,62.892102532741625,1309.8709706175682,0,0
2023-07-23,5247,0.0213,64.01,1180.68,0.027,111,7104.66,77,34,15.33,4262.8,0.6,-0.1262459738365479,-0.0749999999999999,-0.0003810249571346,10150.8,0.0239714285714285,-0.4298327559553979,0,0.024635714285714285,0.002221436521663475,0.019082122981555597,0,1157.2271428571428,62.39070547501614,1313.2039065446832,0,0
2023-07-24,5565,0.0243,77.2,1184.22,0.0365,135,10422.01,99,36,11.96,6253.21,0.6,0.4669259331199522,0.2162162162162162,0.0606060606060605,9926.197142857143,0.0236285714285714,0.517142961228248,0,0.02464285714285714,0.002220088108339691,0.019092636872007913,0,1163.955,59.60334473707026,1312.9633618426756,0,0
2023-07-25,5657,0.025,72.49,1135.55,0.0299,141,10221.05,103,38,11.02,6132.63,0.6,-0.0192822689673106,0.0444444444444445,0.0165318957771787,9717.962857142858,0.0237285714285714,-0.1407559580782849,0,0.024714285714285716,0.002213892201828893,0.019179555209713484,0,1168.9507142857144,53.326979672478195,1302.26816346691,0,0
2023-07-26,5951,0.0284,69.89,1219.38,0.025,168,11742.16,113,55,10.79,7045.3,0.6,0.1488213050518294,0.1914893617021276,0.0519710093689234,9763.314285714285,0.0238714285714285,-0.6291960648361653,0,0.025021428571428573,0.002411567817968107,0.018992509026508307,0,1171.5035714285714,54.91606639046622,1308.793737404737,0,0
2023-07-27,5955,0.0257,78.54,1161.86,0.0275,152,11938.35,107,45,10.86,7163.01,0.6,0.0167081695360991,-0.0952380952380952,0.0006721559401781,10003.677142857145,0.0240857142857142,-0.37999192873520593,0,0.025014285714285715,0.0024092313306105996,0.018991207387759217,0,1175.6435714285712,51.50643553623426,1304.4096602691568,0,0
2023-07-28,5960,0.0246,76.22,1133.64,0.0342,146,11127.97,99,47,11.45,6676.78,0.6,-0.0678804022331395,-0.0394736842105263,0.0008396305625524,10098.198571428573,0.0246142857142857,0.28787515601536556,0,0.025042857142857144,0.002401190181079875,0.019039881690157457,0,1181.457142857143,39.76181748449435,1280.861686568379,0,0
2023-07-29,5831,0.0267,72.18,1199.08,0.0327,155,11187.84,109,46,11.0,6712.7,0.6,0.005380136718557,0.0616438356164383,-0.0216442953020133,10534.862857142856,0.0251428571428571,0.13835267435478976,0,0.025121428571428572,0.0024385300021588195,0.019025103566031522,0,1182.81,40.03482599322252,1282.8970649830562,0,0
2023-07-30,5179,0.0206,68.6,1128.15,0.0288,106,7271.44,74,32,15.25,4362.86,0.6,-0.3500586350895258,-0.3161290322580645,-0.111816155033442,10558.68857142857,0.0250428571428571,-0.2504057779627071,0,0.02450714285714286,0.002415165000165015,0.018469230356730322,0,1171.5214285714285,29.55110328726151,1245.3991867895822,0,0
2023-07-31,6096,0.0255,79.36,1175.31,0.0282,155,12301.15,105,50,11.19,7380.69,0.6,0.691707557237631,0.4622641509433962,0.1770612087275536,10827.137142857142,0.0252142857142857,-0.31021477062693736,0,0.02442142857142857,0.0023518171604195873,0.0185418856703796,0,1172.4678571428572,29.43673089566961,1246.0596843820313,0,0
2023-08-01,6064,0.0265,78.25,1174.27,0.028,160,12520.16,115,45,10.21,7512.1,0.6,0.0178040264528114,0.032258064516129,-0.005249343832021,11155.581428571428,0.0254285714285714,-0.330151101515014,0,0.02457857142857143,0.002415710938970025,0.018539294081146365,0,1170.2649999999999,27.92101049251205,1240.06752623128,0,0
2023-08-02,6008,0.022,74.5,1229.84,0.0254,132,9834.54,92,40,13.37,5900.73,0.6,-0.2145036485156738,-0.175,-0.0092348284960421,10883.064285714288,0.0245142857142857,-0.589323403060012,0,0.024192857142857137,0.0023610507066898264,0.01829023037613257,0,1174.675,32.11373627736587,1254.9593406934146,0,0
2023-08-03,5818,0.0273,84.23,1200.11,0.0381,158,13308.84,109,49,11.01,7985.31,0.6,0.3532752929979439,0.196969696969697,-0.0316245006657789,11078.848571428573,0.0247428571428571,0.6766336083328625,0,0.024414285714285718,0.002502877464918269,0.018157092051990044,0,1177.547857142857,32.486202320503594,1258.7633629441161,0,0
2023-08-04,6037,0.0257,69.65,1175.95,0.0284,155,10795.68,107,48,10.99,6477.41,0.6,-0.188833887851984,-0.0189873417721518,0.0376418013062909,11031.378571428571,0.0249,-0.29027843973886036,0,0.02475714285714286,0.0023054164601965434,0.0189936017066515,0,1175.0007142857141,30.97279934798351,1252.432712655673,0,0
2023-08-05,4935,0.0242,67.37,1218.91,0.0361,119,8017.31,83,36,14.69,4810.39,0.6,-0.257359425251582,-0.232258064516129,-0.1825409971840318,10578.445714285715,0.0245428571428571,0.47727029945209465,0,0.024842857142857142,0.0022568576812476903,0.019200712939737914,0,1179.7821428571428,32.28315664161665,1260.4900344611845,0,0
2023-08-06,5046,0.0263,71.54,1248.36,0.0376,132,9443.34,93,39,13.42,5666.0,0.6,0.1778688861974902,0.1092436974789916,0.0224924012158054,10888.717142857144,0.0253571428571428,0.6267927811126704,0,0.0252,0.002038098661460301,0.020104753346349247,0,1184.6164285714287,37.13132672993497,1277.4447453962662,0,0
2023-08-07,5801,0.0295,74.77,1207.56,0.035,171,12786.02,119,52,10.15,7671.61,0.6,0.353972217456959,0.2954545454545454,0.149623464130004,10957.984285714285,0.0259285714285714,0.3676204795676728,0,0.02557142857142857,0.0023163062675895974,0.019780662902454577,0,1186.2835714285716,37.63273914418688,1280.3654192890388,0,0
2023-08-08,5918,0.0254,76.22,1181.01,0.0278,150,11432.5,96,54,12.3,6859.5,0.6,-0.105859368278792,-0.1228070175438597,0.0201689363902775,10802.604285714286,0.0257714285714285,-0.350087432403091,0,0.0256,0.002311176856395587,0.019822057859011033,0,1189.5307142857143,34.77089841194127,1276.4579603155676,0,0
2023-08-09,6369,0.0255,73.79,1115.73,0.032,162,11954.6,113,49,9.87,7172.76,0.6,0.04566805160726,0.08,0.0762081784386616,11105.47,0.0262714285714285,0.06857551624652118,0,0.02539285714285714,0.002166338380314141,0.01997701119207179,0,1182.1271428571429,38.73518107285875,1278.9650955392897,0,0
2023-08-10,5537,0.0241,76.76,1128.89,0.0299,133,10209.12,89,44,12.68,6125.47,0.6,-0.146009067639235,-0.1790123456790123,-0.1306327523944104,10662.65285714286,0.0258142857142857,-0.1407559580782849,0,0.025278571428571428,0.0021909529263028087,0.019801189112814407,0,1179.7721428571426,40.99829005412951,1282.2678679924663,0,0
2023-08-11,6052,0.0233,68.74,1167.71,0.0255,141,9692.66,98,43,11.92,5815.6,0.6,-0.0505881016189446,0.0601503759398496,0.0930106555896694,10505.078571428572,0.0254714285714285,-0.5793552376159736,0,0.025185714285714284,0.0022487114747569126,0.019563935598822003,0,1182.2057142857143,39.0124103950918,1279.7367402734437,0,0
2023-08-12,4796,0.0267,82.22,1153.32,0.0316,127,10441.79,85,42,13.57,6265.07,0.6,0.0772883811048774,-0.099290780141844,-0.2075346992729676,10851.432857142858,0.0258285714285714,0.028702854470367908,0,0.025185714285714284,0.0022487114747569126,0.019563935598822003,0,1178.9371428571428,39.40486038521034,1277.4492938201686,0,0
2023-08-13,5028,0.0233,74.59,1175.27,0.0241,117,8726.94,78,39,15.07,5236.16,0.6,-0.164229504711357,-0.0787401574803149,0.04837364470392,10749.09,0.0254,-0.7189095538325109,0,0.025378571428571427,0.001916398293044151,0.02058757569596105,0,1182.3028571428572,36.64925320438964,1273.9259901538312,0,0
2023-08-14,6144,0.0251,80.59,1188.27,0.0359,154,12410.32,111,43,10.71,7446.19,0.6,0.42207004975398,0.3162393162393162,0.2219570405727924,10695.418571428572,0.0247714285714285,0.45733396856401803,0,0.02535,0.0019174301712288188,0.020556424571927953,0,1183.2285714285715,36.62270247078499,1274.785327605534,0,0
2023-08-15,5944,0.024,76.71,1212.75,0.0277,142,10893.33,98,44,12.37,6536.0,0.6,-0.1222361711865608,-0.0779220779220779,-0.0325520833333333,10618.394285714288,0.0245714285714285,-0.36005559784712926,0,0.02517142857142857,0.0019185044541672163,0.02037516743601053,0,1185.9771428571428,37.33567492329463,1279.3163301653794,0,0
2023-08-16,5719,0.026,77.28,1183.56,0.031,148,11438.0,102,46,11.6,6862.8,0.6,0.0500003212975279,0.0422535211267605,-0.0378532974427994,10544.594285714284,0.0246428571428571,-0.031106138193862695,0,0.025457142857142862,0.0016946587066038554,0.02122049609063322,0,1182.6714285714286,35.137409356178225,1270.5149519618742,0,0
2023-08-17,5796,0.0257,77.85,1212.24,0.0314,148,11521.63,105,43,11.55,6912.98,0.6,0.0073115929358278,0.0,0.0134638922888616,10732.095714285711,0.0248714285714285,0.008766523582290579,0,0.025342857142857143,0.0016127922684273435,0.021310876471788785,0,1183.537857142857,35.744795033374146,1272.8998447262925,0,0
2023-08-18,6079,0.0271,77.24,1191.96,0.0287,164,12667.12,113,51,10.55,7600.27,0.6,0.0994208284765265,0.1081081081081081,0.0488267770876467,11157.018571428573,0.0254142857142857,-0.2603739434067454,0,0.02544285714285714,0.001678696511589304,0.021246115863883877,0,1184.6814285714286,35.73946662619889,1274.0300951369259,0,0
2023-08-19,5001,0.024,78.21,1090.79,0.0329,119,9307.42,88,31,12.4,5584.45,0.6,-0.2652299812427766,-0.274390243902439,-0.1773317979930909,10994.965714285714,0.0250285714285714,0.1582890052428664,0,0.02542857142857143,0.0016908935150153595,0.02120133764103303,0,1175.53,42.13216147753545,1280.8604036938386,0,0
2023-08-20,5195,0.0245,81.65,1143.42,0.0276,127,10369.01,88,39,12.99,6221.41,0.6,0.114058460883897,0.0672268907563025,0.0387922415516897,11229.547142857144,0.0252,-0.3700237632911676,0,0.0253,0.0016879664597470182,0.021080083850632453,0,1168.0342857142857,37.22777121250246,1261.1037137455419,0,0
2023-08-21,5965,0.023,75.98,1184.0,0.0344,137,10409.62,96,41,12.33,6245.77,0.6,0.003916478043709,0.078740157480315,0.1482194417709335,10943.732857142855,0.0249,0.30781148690344223,0,0.024835714285714287,0.0012911575860784787,0.02160782032051809,0,1166.3514285714284,35.8090708012401,1255.8741055745286,0,0
2023-08-22,5829,0.0241,78.55,1131.55,0.0233,140,10996.3,100,40,11.32,6597.78,0.6,0.0563594060109782,0.0218978102189781,-0.022799664710813,10958.442857142856,0.0249142857142857,-0.7986548773848178,0,0.024742857142857143,0.0012941966832538023,0.021507365434722637,0,1162.8185714285714,36.68084259101311,1254.5206779061043,0,0
2023-08-23,6393,0.0258,74.55,1222.85,0.0306,164,12226.42,120,44,10.19,7335.85,0.6,0.1118667188054165,0.1714285714285714,0.0967575913535769,11071.074285714283,0.0248857142857142,-0.07097879997001631,0,0.024764285714285714,0.0013100834634933646,0.0214890770555523,0,1170.4699999999998,37.27043848166087,1263.646096204152,0,0
2023-08-24,6095,0.0265,82.2,1270.22,0.0397,161,13234.29,110,51,11.55,7940.58,0.6,0.0824337786531135,-0.0182926829268292,-0.0466134834975754,11315.740000000002,0.0249999999999999,0.8361242554374763,0,0.024935714285714287,0.0013720322618191686,0.021505633631166365,0,1180.565,43.72338957759049,1289.8734739439763,0,0
2023-08-25,5567,0.0232,71.62,1255.44,0.025,128,9167.11,88,40,14.27,5500.27,0.6,-0.3073213598916149,-0.2049689440993789,-0.0866283839212469,10815.738571428572,0.0244428571428571,-0.6291960648361653,0,0.024928571428571432,0.001381431014691557,0.02147499389184254,0,1186.8314285714284,47.832892747264864,1306.4136604395906,0,0
2023-08-26,5213,0.0267,84.0,1184.66,0.0266,139,11676.65,100,39,11.85,7005.99,0.6,0.2737547602243235,0.0859375,-0.0635890066463086,11154.2,0.0248285714285714,-0.4697054177315515,0,0.024928571428571432,0.001381431014691557,0.02147499389184254,0,1189.07,46.86753476965195,1306.2388369241298,0,0
2023-08-27,5048,0.0277,74.8,1270.69,0.0326,139,10397.09,99,40,12.84,6238.25,0.6,-0.1095827998612615,0.0,-0.031651640130443,11158.21142857143,0.0252857142857142,0.1283845089107511,0,0.025242857142857143,0.0014794563896213093,0.02154421616880387,0,1195.8857142857144,51.42312001937846,1324.4435143341605,0,0
2023-08-28,6155,0.0258,67.85,1204.41,0.0309,158,10719.69,113,45,10.66,6431.81,0.6,0.0310279126178574,0.1366906474820144,0.2192947702060221,11202.50714285714,0.0256857142857142,-0.041074303637901016,0,0.025292857142857145,0.0014860708574649818,0.02157767999919469,0,1197.0385714285715,51.420170968380816,1325.5889988495235,0,0
2023-08-29,5830,0.0288,75.64,1180.95,0.0318,167,12631.97,112,55,10.54,7579.18,0.6,0.1783894870094189,0.0569620253164557,-0.0528025995125913,11436.174285714284,0.0263571428571428,0.048639185358444546,0,0.025635714285714286,0.001702761170685934,0.021378811358999453,0,1194.767142857143,51.37509385034537,1323.2048774830064,0,0
2023-08-30,5970,0.0235,71.59,1167.96,0.0324,140,10023.26,102,38,11.45,6013.96,0.6,-0.2065164815939238,-0.1616766467065868,0.0240137221269296,11121.437142857145,0.0260285714285714,0.10844817802267445,0,0.025457142857142855,0.001790450861016411,0.020981015704601827,0,1193.652857142857,51.804249518082905,1323.1634809380644,0,0
2023-08-31,6098,0.0225,79.2,1184.33,0.0332,137,10850.84,93,44,12.73,6510.5,0.6,0.0825659515965864,-0.0214285714285714,0.0214405360134002,10780.944285714286,0.0254571428571428,0.1881935015749817,0,0.025228571428571427,0.001953863459298661,0.020343912780324776,0,1191.6592857142857,51.57044225944826,1320.5853913629064,0,0
2023-09-01,6174,0.0214,71.74,1180.87,0.0355,132,9469.27,92,40,12.84,5681.56,0.6,-0.1273237832278422,-0.0364963503649634,0.0124631026566086,10824.11,0.0252,0.4174613067878641,0,0.024821428571428574,0.0021206597563489292,0.01951977918055625,0,1190.8671428571429,51.65057903146522,1319.993590435806,0,0
2023-09-02,4965,0.028,72.77,1209.62,0.032,138,10042.13,96,42,12.6,6025.28,0.6,0.0604967436771788,0.0454545454545454,-0.1958211856171039,10590.607142857143,0.0253857142857142,0.06857551624652118,0,0.025107142857142856,0.0022659568485654236,0.019442250735729298,0,1199.3549999999998,42.974762853419264,1306.791907133548,0,0
2023-09-03,5142,0.0263,65.55,1209.95,0.0288,135,8849.56,92,43,13.15,5309.74,0.6,-0.118756678115101,-0.0217391304347825,0.0356495468277946,10369.531428571428,0.0251857142857142,-0.2504057779627071,0,0.02523571428571428,0.002279880949272846,0.019536011912532167,0,1204.107142857143,39.880748088918885,1303.80901307944,0,0
2023-09-04,5918,0.0249,72.74,1202.9,0.0334,147,10692.55,98,49,12.27,6415.53,0.6,0.2082578116878126,0.0888888888888888,0.1509140412290937,10365.654285714289,0.0250571428571428,0.20812983246305833,0,0.025371428571428573,0.002191391750052445,0.01989294919629746,0,1205.457142857143,39.4654745760953,1304.1208292973813,0,0
2023-09-05,5887,0.0256,62.88,3070.72,0.0395,150,9432.09,99,51,31.02,5659.25,0.6,-0.1178820767730802,0.0204081632653061,-0.0052382561676241,9908.528571428573,0.0246,0.8161879245493996,0,0.02547857142857143,0.0021609038605420678,0.020076311777216263,0,1343.9692857142857,498.10351691288935,2589.228077996509,1,1
2023-09-06,6375,0.0227,67.08,3426.53,0.0293,145,9726.67,101,44,33.93,5836.0,0.6,0.0312316782388633,-0.0333333333333333,0.0828945133344658,9866.158571428572,0.0244857142857142,-0.20056495074251515,0,0.02525714285714286,0.002280929056905864,0.0195548202148782,0,1501.375,744.255430674484,3362.0135766862104,1,1
2023-09-07,6107,0.0299,78.8,3316.54,0.0251,182,14341.98,121,61,27.41,8605.19,0.6,0.4745005227894026,0.2551724137931035,-0.0420392156862745,10364.892857142857,0.0255428571428571,-0.619227899392127,0,0.0255,0.0025842719552054997,0.01903932011198625,0,1647.5407142857143,883.3154074670507,3855.829232953341,0,0
2023-09-08,5778,0.0253,78.93,3104.53,0.0355,145,11444.71,98,47,31.68,6866.82,0.6,-0.2020132506111429,-0.2032967032967033,-0.0538726052071393,10647.098571428569,0.0261,0.4174613067878641,0,0.02565,0.002500076921893552,0.01939980769526612,0,1779.6185714285716,955.4721097073278,4168.298845696891,0,0
2023-09-09,5417,0.0252,77.13,3009.38,0.0294,136,10489.31,94,42,32.01,6293.59,0.6,-0.0834796163467662,-0.0620689655172413,-0.062478366216684,10710.981428571427,0.0257,-0.19059678529847682,0,0.02554285714285714,0.002483705137247843,0.019333594299737536,0,1909.9557142857143,991.8343169541539,4389.541506671099,0,0
2023-09-10,5662,0.0265,70.17,1254.41,0.0191,149,10454.6,96,53,13.07,6272.76,0.6,-0.003309083247611,0.0955882352941177,0.0452279859700941,10940.272857142858,0.0257285714285714,-1.21731782603443,0,0.025457142857142855,0.0024235112117353013,0.019398364827804604,0,1908.792857142857,992.6506728678804,4390.419539312557,0,0
2023-09-11,6249,0.026,74.76,1140.17,0.0342,162,12111.35,115,47,9.91,7266.81,0.6,0.1584709123256749,0.0872483221476509,0.1036736135641116,11142.95857142857,0.0258857142857142,0.28787515601536556,0,0.02547142857142857,0.002426275579321793,0.019405739623124085,0,1904.2042857142858,996.2989501821563,4394.951661169676,0,0
2023-09-12,5742,0.0254,74.98,1198.1,0.0273,146,10947.37,95,51,12.61,6568.42,0.6,-0.0961065446874213,-0.0987654320987654,-0.0811329812770043,11359.427142857145,0.0258571428571428,-0.39992825962328254,0,0.02522857142857143,0.0022296700588716437,0.01965439628139232,0,1905.4292857142857,995.3513592037148,4393.807683723572,0,0
2023-09-13,5953,0.0234,69.21,1151.66,0.0295,139,9619.94,97,42,11.87,5771.96,0.6,-0.1212556075112104,-0.047945205479452,0.0367467781260884,11344.180000000002,0.0259571428571428,-0.1806286198544385,0,0.025221428571428568,0.0022357853796230913,0.01963196512237084,0,1904.2649999999999,996.289441969938,4394.988604924845,0,0
2023-09-14,6308,0.0259,82.52,1120.89,0.0317,163,13450.27,114,49,9.83,8070.16,0.6,0.3981656850250625,0.1726618705035971,0.0596337980849992,11216.792857142858,0.0253857142857142,0.03867101991440588,0,0.025464285714285717,0.002097840333756165,0.020219684879895304,0,1899.7335714285714,999.9533447163132,4399.616933219355,0,0
2023-09-15,5917,0.0288,79.39,1238.89,0.031,170,13495.76,120,50,10.32,8097.45,0.6,0.0033820882406077,0.0429447852760735,-0.0619847812301839,11509.8,0.0258857142857142,-0.031106138193862695,0,0.025992857142857144,0.001919721248079991,0.021193554022657168,0,1903.8778571428572,996.8602992563791,4396.028605283805,0,0
2023-09-16,5351,0.0277,73.9,1250.6,0.0335,148,10936.49,103,45,12.14,6561.89,0.6,-0.1896351150287202,-0.1294117647058823,-0.0956565827277337,11573.68285714286,0.0262428571428571,0.218097997907097,0,0.025971428571428572,0.0018971349132628932,0.02122859128827134,0,1906.805,994.7227662925839,4393.61191573146,0,0
2023-09-17,5422,0.0282,75.13,1184.64,0.0278,152,11420.43,112,40,10.58,6852.26,0.6,0.0442500290312524,0.0270270270270269,0.0132685479349654,11711.658571428572,0.0264857142857142,-0.350087432403091,0,0.02610714285714286,0.001988220807159534,0.021136590839244025,0,1904.9971428571428,996.1087213786427,4395.2689463037495,0,0
2023-09-18,5886,0.024,76.04,1084.73,0.0326,141,10721.91,99,42,10.96,6433.15,0.6,-0.0611640717556168,-0.0723684210526315,0.0855772777572851,11513.167142857144,0.0262,0.1283845089107511,0,0.026042857142857142,0.002044021031697596,0.020932804563613152,0,1896.5564285714286,1002.9925972163904,4404.037921612405,0,0
2023-09-19,6063,0.023,64.79,1187.8,0.0287,139,9005.99,100,39,11.88,5403.6,0.6,-0.1600386498301143,-0.0141843971631205,0.0300713557594292,11235.827142857144,0.0258571428571428,-0.2603739434067454,0,0.025857142857142856,0.0021995504036102695,0.02035826684811718,0,1762.062142857143,958.6993413769484,4158.810496299514,0,0
2023-09-20,5431,0.0247,73.76,1235.52,0.0337,134,9884.39,91,43,13.58,5930.63,0.6,0.0975350849823284,-0.0359712230215827,-0.1042388256638627,11273.605714285715,0.0260428571428571,0.23803432879517364,0,0.026,0.00203772120082896,0.0209056969979276,0,1605.5614285714287,837.2232632922974,3698.619586802172,0,0
2023-09-21,5878,0.0251,71.59,1142.81,0.0331,147,10523.74,103,44,11.1,6314.24,0.6,0.0646827978256625,0.0970149253731342,0.0823052844779967,10855.53,0.0259285714285714,0.17822533613094305,0,0.025657142857142858,0.001708221876110388,0.021386588166866886,0,1450.295,682.8357287951708,3157.3843219879273,0,0
2023-09-22,6037,0.0272,69.99,1226.75,0.0253,164,11478.67,119,45,10.31,6887.2,0.6,0.0907405542136161,0.1156462585034012,0.0270500170125893,10567.374285714284,0.0257,-0.5992915685040503,0,0.02579285714285714,0.0017525648394520635,0.021411445044226984,0,1316.167857142857,490.1379623860808,2541.512763108059,0,0
2023-09-23,5042,0.0216,73.59,1217.64,0.0354,108,7948.21,75,33,16.24,4768.92,0.6,-0.3075669916462447,-0.3414634146341463,-0.1648169620672519,10140.477142857142,0.0248285714285714,0.4074931413438261,0,0.025535714285714283,0.0020797955309475877,0.020336225458345313,0,1188.1864285714287,52.979547085094836,1320.6352962841659,0,0
2023-09-24,5622,0.0281,83.99,1248.2,0.0273,157,13186.18,110,47,11.35,7911.71,0.6,0.6590125323815048,0.4537037037037037,0.1150337167790558,10392.727142857142,0.0248142857142857,-0.39992825962328254,0,0.02565,0.0021784786505195186,0.0202038033737012,0,1187.7428571428572,52.40532421991612,1318.7561676926475,0,0
2023-09-25,5814,0.0247,78.2,1226.03,0.034,143,11183.2,102,41,12.02,6709.92,0.6,-0.1518999437289646,-0.0891719745222929,0.0341515474919957,10458.625714285716,0.0249142857142857,0.26793882512728895,0,0.025557142857142858,0.0021900875590906465,0.020081923959416242,0,1193.8757142857141,51.42454931770031,1322.437087579965,0,0
2023-09-26,6016,0.0241,72.14,1172.23,0.0318,145,10460.9,99,46,11.84,6276.54,0.6,-0.0645879533586094,0.0139860139860139,0.0347437220502235,10666.47,0.0250714285714285,0.048639185358444546,0,0.025464285714285714,0.002224550825138972,0.019902908651438282,0,1192.027857142857,51.72500052848186,1321.3403584640619,0,0
2023-09-27,6134,0.023,77.86,1281.53,0.0392,140,10900.81,91,49,14.08,6540.48,0.6,0.0420527870450917,-0.0344827586206896,0.0196143617021276,10811.672857142858,0.0248285714285714,0.7862834282172843,0,0.025435714285714287,0.0022554573620638496,0.019797070880554664,0,1201.304285714286,55.44055981435064,1339.9056852501626,0,0
2023-09-28,6400,0.0217,82.0,1214.6,0.0289,138,11315.56,97,41,12.52,6789.33,0.6,0.0380476313228099,-0.0142857142857142,0.0433648516465601,10924.79,0.0243428571428571,-0.24043761251866877,0,0.02513571428571429,0.0024590827379508823,0.018988007440837083,0,1207.9978571428571,50.41412182783163,1334.0331617124361,0,0
2023-09-29,5829,0.0266,79.62,1221.99,0.0283,155,12341.59,111,44,11.01,7404.95,0.6,0.0906742573942429,0.1231884057971015,-0.08921875,11048.064285714285,0.0242571428571428,-0.30024660518289903,0,0.024978571428571426,0.002269930046847811,0.0193037463114519,0,1206.7907142857143,49.81631080809368,1331.3314913059485,0,0
2023-09-30,5553,0.0251,75.3,1177.51,0.0299,139,10466.44,93,46,12.66,6279.87,0.6,-0.151937473210502,-0.1032258064516129,-0.0473494595985589,11407.81142857143,0.0247571428571428,-0.1407559580782849,0,0.02479285714285714,0.002132338653185327,0.019462010509893823,0,1201.57,48.689097974182914,1323.2927449354572,0,0
2023-10-01,5327,0.0224,71.77,1202.84,0.0285,119,8540.07,84,35,14.32,5124.04,0.6,-0.1840520750130895,-0.1438848920863309,-0.0406987214118494,10744.08142857143,0.0239428571428571,-0.280310274294822,0,0.024378571428571427,0.001977246948285814,0.01943545405785689,0,1202.8700000000001,48.444651526660635,1323.9816288166517,0,0
2023-10-02,5932,0.0224,78.49,1181.58,0.034,132,10360.83,94,38,12.57,6216.5,0.6,0.2132019995152265,0.1092436974789916,0.1135723671860333,10626.6,0.0236142857142857,0.26793882512728895,0,0.024264285714285714,0.0020458615423702346,0.019149631858360126,0,1209.787857142857,35.4484516703522,1298.4089863187376,0,0
2023-10-03,6225,0.0243,76.97,1218.0,0.0219,151,11622.08,98,53,12.43,6973.25,0.6,0.1217325252899623,0.143939393939394,0.0493931220498988,10792.482857142855,0.0236428571428571,-0.9382091936013552,0,0.024357142857142855,0.002013307376782458,0.01932387441518671,0,1211.945,34.92247804893063,1299.2511951223264,0,0
2023-10-04,6177,0.0283,79.48,1313.06,0.0247,175,13908.29,119,56,11.03,8344.98,0.6,0.1967126366364713,0.1589403973509933,-0.0077108433734939,11222.122857142856,0.0244,-0.6591005611682805,0,0.02461428571428571,0.0022735459065105915,0.01893042094800923,0,1217.4835714285714,43.934859929605814,1327.3207212525858,0,0
2023-10-05,6021,0.0245,78.18,1159.7,0.0247,147,11491.85,101,46,11.48,6895.11,0.6,-0.1737409846933016,-0.16,-0.0252549781447304,11247.307142857144,0.0248,-0.6591005611682805,0,0.02457142857142857,0.0022693369317688785,0.018898086242006375,0,1218.69,41.91195643618663,1323.4698910904667,0,0
2023-10-06,6159,0.022,80.25,1148.44,0.0348,135,10833.45,94,41,12.22,6500.07,0.6,-0.0572927770550433,-0.0816326530612244,0.0229197807673144,11031.858571428573,0.0241428571428571,0.34768414867959546,0,0.0242,0.002231246633266166,0.018621883416834583,0,1213.0964285714285,45.79891124121004,1327.5937066744536,0,0
2023-10-07,5272,0.0245,72.32,1303.5,0.0386,129,9329.77,88,41,14.81,5597.86,0.6,-0.138799736002843,-0.0444444444444444,-0.1440168858580938,10869.477142857144,0.0240571428571428,0.7264744355530544,0,0.024407142857142856,0.0021021835847936537,0.01915168389515872,0,1219.2292857142857,51.80853663907553,1348.7506273119745,0,0
2023-10-08,5376,0.0245,81.59,1220.3,0.0295,131,10687.89,89,42,13.71,6412.74,0.6,0.145568433091062,0.0155038759689922,0.0197268588770864,11176.308571428572,0.0243571428571428,-0.1806286198544385,0,0.02415,0.0018164843474732855,0.019608789131316785,0,1217.2364285714286,51.14072704985653,1345.08824619607,0,0
2023-10-09,6290,0.0196,75.99,1198.14,0.0292,123,9346.52,90,33,13.31,5607.91,0.6,-0.1255037243085397,-0.0610687022900763,0.1700148809523809,11031.407142857144,0.0239571428571428,-0.21053311618655346,0,0.02378571428571429,0.0021739213568880813,0.018350910893494086,0,1215.2442857142855,51.314750722958365,1343.5311625216814,0,0
2023-10-10,6479,0.0249,85.38,1284.41,0.0304,161,13745.59,112,49,11.47,8247.35,0.6,0.4706639476511043,0.3089430894308942,0.030047694753577,11334.765714285715,0.0240428571428571,-0.09091513085809295,0,0.02384285714285714,0.002193246377024187,0.018359741200296674,0,1223.2571428571428,52.8178526678307,1355.3017745267196,0,0
2023-10-11,5918,0.0245,71.55,1202.96,0.0358,145,10375.34,99,46,12.15,6225.2,0.6,-0.2451877293008157,-0.0993788819875776,-0.0865874363327674,10830.058571428572,0.0235,0.44736580311997937,0,0.02395,0.002185529332115796,0.01848617666971051,0,1217.6450000000002,50.26218516631984,1343.3004629158,0,0
2023-10-12,6596,0.0264,83.68,1325.37,0.0254,174,14560.29,121,53,10.95,8736.17,0.6,0.4033554563031187,0.1999999999999999,0.1145657316661035,11268.407142857144,0.0237714285714285,-0.589323403060012,0,0.024285714285714282,0.002174275172896154,0.0188500263534739,0,1225.5571428571427,57.88630094732036,1370.2728952254436,0,0
2023-10-13,5784,0.0287,75.99,1268.79,0.0312,165,12538.28,117,48,10.84,7522.97,0.6,-0.1388715472013263,-0.0517241379310344,-0.1231049120679199,11511.954285714286,0.0247285714285714,-0.011169807305786058,0,0.024435714285714286,0.0024062761344377987,0.01842002394961979,0,1228.9,59.0049669356574,1376.4124173391435,0,0
2023-10-14,5348,0.0273,71.74,1211.32,0.0349,145,10402.72,101,44,11.99,6241.63,0.6,-0.1703232022255046,-0.1212121212121212,-0.0753803596127247,11665.232857142855,0.0251285714285714,0.35765231412363413,0,0.024592857142857142,0.002522045654962331,0.018287743005451315,0,1231.315,57.41019257535685,1374.840481438392,0,0
2023-10-15,5500,0.0245,72.58,1344.4,0.0325,134,9725.8,93,41,14.46,5835.48,0.6,-0.0650714428534076,-0.0758620689655172,0.0284218399401645,11527.791428571429,0.0251285714285714,0.11841634346671312,0,0.024742857142857143,0.0024427960920332344,0.01863586691277406,0,1241.4264285714287,64.08714651007085,1401.6442948466058,0,0
2023-10-16,6243,0.0228,73.4,1207.08,0.0309,142,10422.55,97,45,12.44,6253.53,0.6,0.0716393510045445,0.0597014925373133,0.1350909090909091,11681.509999999998,0.0255857142857142,-0.041074303637901016,0,0.024771428571428573,0.002415472105925794,0.01873274830661409,0,1243.2478571428571,62.60053221433163,1399.7491876786862,0,0
2023-10-17,6066,0.0301,77.12,1275.29,0.035,182,14035.99,124,58,10.28,8421.59,0.6,0.3466944269876375,0.2816901408450705,-0.0283517539644401,11722.995714285717,0.0263285714285714,0.3676204795676728,0,0.025185714285714287,0.002795836779338774,0.01819612233736735,0,1247.3400000000001,62.695572166077675,1404.0789304151942,0,0
2023-10-18,6153,0.0251,77.61,1253.98,0.0165,154,11952.58,105,49,11.94,7171.55,0.6,-0.1484334200865061,-0.1538461538461538,0.0143422354104847,11948.315714285714,0.0264142857142857,-1.4764901275794275,0,0.024957142857142862,0.002648574155077625,0.0183357074694488,0,1243.1200000000001,59.85572757120251,1392.7593189280065,0,0
2023-10-19,6100,0.025,72.13,1304.92,0.0334,152,10963.99,107,45,12.2,6578.39,0.6,-0.082709339740876,-0.0129870129870129,-0.0086136843816024,11434.55857142857,0.0262142857142857,0.20812983246305833,0,0.024992857142857143,0.002645304776890078,0.018379595200631947,0,1253.4928571428572,56.791929874782234,1395.472681829813,0,0
2023-10-20,6085,0.025,74.88,1318.73,0.0267,151,11306.61,102,49,12.93,6783.97,0.6,0.0312495724640391,-0.006578947368421,-0.0024590163934425,11258.605714285712,0.0256857142857142,-0.45973725228751283,0,0.025207142857142855,0.002501834491763181,0.0189525566277349,0,1265.6564285714287,50.442389318022656,1391.7624018664853,0,0
2023-10-21,5577,0.0254,85.71,1243.08,0.0208,141,12085.3,99,42,12.56,7251.18,0.6,0.068870333371364,-0.0662251655629139,-0.0834839769926047,11498.974285714285,0.0254142857142857,-1.0478590134857775,0,0.025271428571428573,0.0024938165287608856,0.01903688724952636,0,1261.3407142857143,49.53200526533804,1385.1707274490593,0,0
2023-10-22,5482,0.0247,83.64,1204.64,0.0326,135,11291.09,98,37,12.29,6774.65,0.6,-0.0657170281250775,-0.0425531914893616,-0.0170342478034786,11722.587142857144,0.0254428571428571,0.1283845089107511,0,0.025285714285714283,0.0024896268311218597,0.019061647207909635,0,1260.2221428571427,50.693322300133936,1386.9554486074776,0,0
2023-10-23,6077,0.0239,77.18,1266.13,0.0369,144,11114.15,101,43,12.54,6668.49,0.6,-0.015670763407253,0.0666666666666666,0.1085370302809194,11821.387142857144,0.0256,0.5570156230044019,0,0.025592857142857143,0.0019384626286409264,0.020746700571254828,0,1265.0785714285714,47.44072396276185,1383.680381335476,0,0
2023-10-24,6399,0.0239,75.19,1210.07,0.0293,152,11428.88,105,47,11.52,6857.33,0.6,0.0283179550392966,0.0555555555555555,0.0529866710547968,11448.942857142856,0.0247142857142857,-0.20056495074251515,0,0.025521428571428573,0.0019838496265240126,0.02056180450511854,0,1259.7685714285712,49.236933582144516,1382.8609053839325,0,0
2023-10-25,6285,0.0249,75.6,1345.45,0.0348,156,11793.62,105,51,12.81,7076.17,0.6,0.0319138883250154,0.0263157894736842,-0.0178152836380685,11426.234285714285,0.0246857142857142,0.34768414867959546,0,0.02555,0.0019708451915944323,0.02062288702101392,0,1269.9464285714287,51.2756005263881,1398.135429887399,0,0
2023-10-26,6390,0.0239,78.07,1252.43,0.0381,152,11866.27,111,41,11.28,7119.76,0.6,0.0061601102969233,-0.0256410256410256,0.0167064439140811,11555.131428571429,0.0245285714285714,0.6766336083328625,0,0.025371428571428573,0.002000933847916113,0.02036909395163829,0,1264.7364285714286,48.859665071306004,1386.8855912496936,0,0
2023-10-27,6358,0.0236,69.89,1228.16,0.0366,149,10413.02,100,49,12.28,6247.81,0.6,-0.1224689814069627,-0.0197368421052631,-0.0050078247261345,11427.475714285714,0.0243285714285714,0.5271111266722867,0,0.02500714285714286,0.0018027603986512355,0.020500241860514773,0,1261.8342857142857,49.79802200494993,1386.3293407266606,0,0
2023-10-28,5270,0.0252,73.71,1256.49,0.0382,132,9730.13,94,38,13.37,5838.08,0.6,-0.065580398385867,-0.1140939597315435,-0.1711229946524064,11091.022857142858,0.0243,0.6866017737769003,0,0.02485714285714286,0.0016805284359914668,0.02065582176716419,0,1265.0607142857145,47.692193759623535,1384.2911986847735,0,0
2023-10-29,5328,0.0245,66.66,1180.72,0.0337,130,8665.42,92,38,12.83,5199.25,0.6,-0.1094240261949223,-0.0151515151515151,0.0110056925996204,10715.927142857145,0.0242714285714285,0.23803432879517364,0,0.024857142857142855,0.0016805284359914668,0.020655821767164188,0,1253.3692857142855,46.80078097053125,1370.3712381406137,0,0
2023-10-30,6393,0.028,77.0,1200.32,0.0304,179,13782.3,124,55,9.68,8269.38,0.6,0.5904941710846097,0.3769230769230769,0.1998873873873874,11097.091428571428,0.0248571428571428,-0.09091513085809295,0,0.02522857142857143,0.0017634880520973836,0.02081985129832797,0,1252.8864285714285,47.34678522223247,1371.2533916270097,0,0
2023-10-31,6370,0.0197,78.24,1309.75,0.022,125,9779.5,86,39,15.23,5867.7,0.6,-0.290430479673204,-0.3016759776536313,-0.0035976849679336,10861.465714285714,0.0242571428571428,-0.9282410281573169,0,0.024485714285714284,0.001743937694219255,0.020125870050166146,1,1255.347857142857,49.45009903990116,1378.9731047426098,0,1
2023-11-01,6248,0.0272,72.58,1217.7,0.0288,169,12266.71,112,57,10.87,7360.02,0.6,0.2543289534229764,0.3520000000000001,-0.0191522762951333,10929.05,0.0245857142857142,-0.2504057779627071,0,0.024635714285714285,0.0018854124800107574,0.01992218308568739,0,1252.7564285714286,50.46745556177972,1378.925067475878,0,0
2023-11-02,6280,0.0275,82.87,1199.03,0.0258,172,14253.63,121,51,9.91,8552.18,0.6,0.1619766017130917,0.0177514792899409,0.0051216389244557,11270.101428571428,0.0251,-0.5494507412838584,0,0.024814285714285716,0.0020350230173928705,0.01972672817080354,0,1245.1928571428573,49.980855785550915,1370.1449966067346,0,0
2023-11-03,6516,0.0209,68.87,1279.03,0.0409,135,9297.61,96,39,13.32,5578.56,0.6,-0.3477023046059143,-0.2151162790697675,0.037579617834395,11110.75714285714,0.0247142857142857,0.9557422407659367,0,0.024521428571428572,0.0022858018527182537,0.018806923939632937,0,1242.357142857143,46.49216665676761,1358.5875594990619,0,0
2023-11-04,5346,0.0243,67.68,1312.31,0.0291,130,8798.16,88,42,14.91,5278.89,0.6,-0.0537181060509099,-0.037037037037037,-0.1795580110497238,10977.618571428571,0.0245857142857142,-0.2205012816305918,0,0.024442857142857145,0.002272143781242167,0.018762497689751727,0,1247.3021428571428,50.11549555832044,1372.590881752944,0,0
2023-11-05,5578,0.0243,76.12,1289.79,0.0306,135,10276.5,94,41,13.72,6165.9,0.6,0.1680283150113206,0.0384615384615385,0.0433969322858212,11207.772857142858,0.0245571428571428,-0.07097879997001631,0,0.024414285714285715,0.0022711762939591116,0.018736344979387934,0,1253.3842857142859,49.704962407320835,1377.646691732588,0,0
2023-11-06,6232,0.0222,80.24,1304.47,0.0328,138,11072.5,96,42,13.59,6643.5,0.6,0.0774582785967985,0.0222222222222221,0.1172463248476156,10820.658571428572,0.0237285714285714,0.14832083979882843,0,0.02429285714285714,0.0023450321584523965,0.01843027674672615,0,1256.1228571428571,51.48553410404821,1384.8366924029776,0,0
2023-11-07,6233,0.0234,83.42,1217.65,0.0302,146,12179.27,103,43,11.82,7307.56,0.6,0.0999566493565138,0.0579710144927536,0.000160462130937,11163.482857142855,0.0242571428571428,-0.1108514617461696,0,0.02425714285714286,0.002355260653781833,0.01836899122268828,0,1256.6642857142858,51.00156403549819,1384.1681958030313,0,0
2023-11-08,6501,0.0228,72.71,1185.23,0.0385,148,10760.43,103,45,11.51,6456.26,0.6,-0.1164963088920765,0.0136986301369863,0.0429969517086474,10948.3,0.0236285714285714,0.7165062701090157,0,0.024107142857142855,0.002377931966974773,0.018162312939705924,0,1245.22,47.394761638500945,1363.7069040962524,0,0
2023-11-09,6450,0.0285,80.39,1332.21,0.0269,183,14711.99,122,61,10.92,8827.2,0.6,0.3672306775844458,0.2364864864864864,-0.0078449469312413,11013.78,0.0237714285714285,-0.43980092139943616,0,0.024435714285714286,0.002649414200232891,0.017812178785132058,0,1250.9185714285716,52.814674950348596,1382.955258804443,0,0
2023-11-10,6452,0.0269,74.81,1241.83,0.031,173,12941.69,119,54,10.44,7765.01,0.6,-0.1203304243681513,-0.0546448087431693,0.0003100775193798,11534.362857142858,0.0246285714285714,-0.031106138193862695,0,0.02467142857142857,0.002715320797432069,0.017883126577848397,0,1251.895,52.48689972087113,1383.1122493021778,0,0
2023-11-11,5755,0.0275,74.14,1246.25,0.0263,158,11713.62,111,47,11.23,7028.17,0.6,-0.0948925526727961,-0.0867052023121387,-0.1080285182889027,11950.857142857143,0.0250857142857142,-0.49960991406366645,0,0.024835714285714287,0.0028174202992910452,0.017792163537486673,0,1251.1635714285715,52.48929013210712,1382.3867967588392,0,0
2023-11-12,5502,0.0264,79.42,1326.03,0.0234,145,11515.65,103,42,12.87,6909.39,0.6,-0.0169008385110667,-0.0822784810126582,-0.0439617723718506,12127.878571428571,0.0253857142857142,-0.7886867119407794,0,0.02497142857142857,0.0028456251365179008,0.01785736573013382,0,1261.542857142857,51.85119528755669,1391.1708453617487,0,0
2023-11-13,6438,0.0227,78.26,1288.25,0.0269,146,11426.2,100,46,12.88,6855.72,0.6,-0.007767690056575,0.0068965517241379,0.1701199563794984,12178.407142857144,0.0254571428571428,-0.43980092139943616,0,0.024592857142857142,0.0027630708350602474,0.01768518005520652,0,1267.8235714285713,49.118282607037706,1390.6192779461655,0,0
2023-11-14,6244,0.024,67.12,1284.06,0.0298,149,10000.59,110,39,11.67,6000.35,0.6,-0.1247667641035514,0.0205479452054795,-0.0301335818577197,11867.167142857144,0.0255428571428571,-0.1507241235223232,0,0.024900000000000002,0.002391330495448431,0.018921673761378925,0,1265.9885714285715,47.89614483558126,1385.7289335175246,0,0
2023-11-15,6375,0.026,82.38,1370.34,0.0279,165,13593.15,109,56,12.57,8155.89,0.6,0.3592348051464962,0.1073825503355705,0.0209801409352978,12271.841428571428,0.026,-0.3401192669590523,0,0.024814285714285712,0.002323080561819455,0.019006584309737076,0,1276.8914285714286,53.14403604388784,1409.7515186811481,0,0
2023-11-16,6288,0.0226,81.9,1230.74,0.0265,141,11547.96,97,44,12.69,6928.78,0.6,-0.1504573994990123,-0.1454545454545455,-0.0136470588235294,11819.837142857144,0.0251571428571428,-0.4796735831755898,0,0.024464285714285713,0.0022554573620638457,0.018825642309126096,0,1279.1564285714285,50.162413542598436,1404.5624624279246,0,0
2023-11-17,6338,0.0264,71.87,1310.13,0.023,167,12002.66,116,51,11.29,7201.59,0.6,0.0393749198992723,0.1843971631205674,0.0079516539440203,11685.69,0.0250857142857142,-0.828559373716933,0,0.024857142857142855,0.002057150488386358,0.01971426663617696,0,1281.3778571428572,50.840429275353074,1408.47893033124,0,0
2023-11-18,5641,0.0245,76.98,1267.41,0.0296,138,10623.1,96,42,13.2,6373.86,0.6,-0.1149378554420436,-0.1736526946107784,-0.1099715998737772,11529.901428571427,0.0246571428571428,-0.17066045441039984,0,0.024871428571428572,0.002053675343763594,0.019737240212019586,0,1278.1707142857142,50.15057564887136,1403.5471534078927,0,0
2023-11-19,5363,0.0243,77.47,1278.81,0.0225,130,10071.12,87,43,14.7,6042.67,0.6,-0.0519603505568053,-0.0579710144927536,-0.0492820421911008,11323.540000000005,0.0243571428571428,-0.878400200937125,0,0.024871428571428572,0.002053675343763594,0.019737240212019586,0,1277.3864285714285,50.04062389809876,1402.4879883166755,0,0
2023-11-20,6749,0.0264,76.3,1342.63,0.1029,178,13582.0,126,52,10.66,8149.2,0.6,0.3486086949614342,0.3692307692307692,0.2584374417303747,11631.511428571428,0.0248857142857142,7.1360048160697325,1,0.025171428571428574,0.0019368604935381068,0.02032927733758331,0,1280.1121428571428,52.60302933345214,1411.619716190773,0,1
2023-11-21,6133,0.0259,72.25,1292.42,0.095,158,11415.26,111,47,11.64,6849.16,0.6,-0.1595302606390811,-0.1123595505617978,-0.0912727811527633,11833.607142857143,0.0251571428571428,6.3485197459907,1,0.02535,0.0018752435739227513,0.020661891065193123,0,1285.452857142857,49.476227302947684,1409.1434254002263,0,1
2023-11-22,6096,0.0243,71.64,1294.77,0.0808,148,10603.0,103,45,12.57,6361.8,0.6,-0.0711556285183167,-0.0632911392405063,-0.0060329365726398,11406.442857142858,0.0249142857142857,4.93304025293725,1,0.025457142857142855,0.0017574957208458073,0.021063403555028337,0,1293.277142857143,40.19928978106667,1393.7753673098096,0,1
2023-11-23,6575,0.0273,74.87,1322.31,0.0951,179,13402.13,126,53,10.49,8041.28,0.6,0.2639941525983211,0.2094594594594594,0.0785761154855642,11671.324285714289,0.0255857142857142,6.358487911434739,1,0.02537142857142857,0.001621693593096496,0.02131719458868733,0,1292.5700000000002,39.54346819544473,1391.428670488612,0,1
2023-11-24,6505,0.0228,80.86,1251.26,0.0979,148,11967.82,102,46,12.27,7180.69,0.6,-0.1070210481468243,-0.1731843575418994,-0.0106463878326996,11666.34714285714,0.0250714285714285,6.637596543867813,1,0.02507857142857143,0.0016930530326686984,0.020845938846899684,0,1293.2435714285714,38.683660952995986,1389.9527238110613,0,1
2023-11-25,5676,0.0262,77.72,1228.37,0.1154,148,11502.26,98,50,12.53,6901.36,0.6,-0.0389009861445108,0.0,-0.1274404304381244,11791.941428571428,0.0253142857142857,8.38202549657453,1,0.024985714285714285,0.0015820420799894184,0.02103060908574074,0,1291.9664285714284,40.602086268340116,1393.4716442422787,0,1
2023-11-26,5681,0.0262,73.15,1218.91,0.0367,148,10825.75,101,47,12.07,6495.45,0.6,-0.058815398017433,0.0,0.0008809020436928,11899.745714285717,0.0255857142857142,0.5370792921163253,0,0.02497142857142857,0.0015691391914670618,0.021048580592760918,0,1284.315,43.666723952803125,1393.4818098820078,0,0
2023-11-27,6357,0.0244,78.86,1173.66,0.0206,155,12223.07,108,47,10.87,7333.84,0.6,0.1290737362307461,0.0472972972972973,0.1189931350114417,11705.612857142856,0.0253,-1.0677953443738541,0,0.025092857142857142,0.001440333447351878,0.021492023524477447,0,1276.1299999999999,52.681409507466626,1407.8335237686665,0,0
2023-11-28,6184,0.0257,60.76,1375.61,0.0306,158,9599.65,111,47,12.39,5759.79,0.6,-0.214628567127571,0.0193548387096773,-0.0272140946987572,11446.24,0.0252714285714285,-0.07097879997001631,0,0.025214285714285713,0.001412503038993171,0.021683028116802786,0,1282.6692857142857,59.039762150911834,1430.2686910915654,0,0
2023-11-29,6383,0.0225,80.74,1218.47,0.0292,143,11546.37,100,43,12.18,6927.82,0.6,0.202790726745246,-0.0949367088607594,0.0321798188874515,11581.007142857145,0.0250142857142857,-0.21053311618655346,0,0.024964285714285717,0.0015643170753041132,0.021053493026025435,0,1271.8214285714287,55.54066131530803,1410.6730818596989,0,0
2023-11-30,6236,0.0268,66.3,1263.39,0.0334,167,11072.34,118,49,10.71,6643.4,0.6,-0.0410544612722441,0.1678321678321679,-0.0230299232335892,11248.179999999998,0.0249428571428571,0.20812983246305833,0,0.025264285714285715,0.0014762776176572322,0.021573591670142635,0,1274.1535714285715,54.35581245647321,1410.0431025697544,0,0
2023-12-01,6571,0.0246,73.19,1261.43,0.0311,161,11783.24,110,51,11.47,7069.94,0.6,0.0642050370563043,-0.0359281437125748,0.0537203335471456,11221.81142857143,0.0252,-0.021137972749824378,0,0.02513571428571429,0.0014478669418557728,0.021516046931074857,0,1270.675,53.42671900694679,1404.2417975173669,0,0
2023-12-02,5551,0.024,69.4,1291.47,0.0262,132,9161.02,92,40,14.04,5496.61,0.6,-0.2225381134560612,-0.1801242236024844,-0.1552275148379241,10887.348571428573,0.0248857142857142,-0.5095780795077047,0,0.0251,0.001470740263634959,0.021423149340912603,0,1272.3935714285715,53.699884630618634,1406.643283005118,0,0
2023-12-03,5419,0.0271,68.53,1317.71,0.0284,146,10004.88,103,43,12.79,6002.93,0.6,0.092114196890739,0.1060606060606059,-0.0237794991893353,10770.08142857143,0.0250142857142857,-0.29027843973886036,0,0.0253,0.0015422261632009905,0.021444434591997522,0,1275.172142857143,55.046924483171914,1412.7894540650727,0,0
2023-12-04,6324,0.0236,80.8,1320.77,0.026,149,12039.82,104,45,12.7,7223.89,0.6,0.2033947433652378,0.0205479452054795,0.1670049824690902,10743.90285714286,0.0249,-0.5295144103957817,0,0.0251,0.0015699093555411056,0.021175226611147235,0,1273.6107142857143,53.26753946814232,1406.77956295607,0,0
2023-12-05,6475,0.0222,72.66,1249.42,0.0354,143,10390.59,96,47,13.01,6234.36,0.6,-0.1369812837733454,-0.0402684563758389,0.0238772928526249,10856.894285714288,0.0244,0.4074931413438261,0,0.024835714285714287,0.0017283193894902674,0.020514915811988617,0,1270.5392857142856,53.339211938506125,1403.8873155605509,0,0
2023-12-06,6284,0.0219,76.73,1271.04,0.0301,137,10512.36,93,44,13.67,6307.41,0.6,0.0117192575205065,-0.0419580419580419,-0.0294980694980695,10709.17857142857,0.0243142857142857,-0.12081962719020825,0,0.024664285714285715,0.0018963962353154933,0.01992329512599698,0,1268.8442857142857,52.885093684960324,1401.0570199266865,0,0
2023-12-07,6236,0.0262,74.77,1294.35,0.0395,163,12186.76,116,47,11.16,7312.06,0.6,0.1592791723266706,0.1897810218978102,-0.0076384468491407,10868.381428571429,0.0242285714285714,0.8161879245493996,0,0.024585714285714287,0.0017990840160213165,0.020088004245660998,0,1266.847142857143,51.21219016971566,1394.877618281432,0,0
2023-12-08,6453,0.0224,77.39,1268.61,0.0297,144,11143.47,104,40,12.2,6686.08,0.6,-0.0856084800225819,-0.1165644171779141,0.0347979474021808,10776.985714285713,0.0239142857142857,-0.16069228896636154,0,0.024557142857142857,0.0018324906488225443,0.019975916235086495,0,1268.0864285714285,51.01553045694317,1395.6252547137865,0,0
2023-12-09,5658,0.0285,75.38,1362.24,0.0265,161,12136.84,116,45,11.74,7282.1,0.6,0.0891436868408135,0.1180555555555555,-0.1231985123198512,11202.102857142858,0.0245571428571428,-0.4796735831755898,0,0.024721428571428568,0.0020777867557085585,0.019526961682157173,0,1277.6485714285716,55.3596720556668,1416.0477515677385,0,0
2023-12-10,5512,0.0208,68.59,1307.24,0.0224,114,7818.69,80,34,16.34,4691.22,0.6,-0.3557886566849362,-0.2919254658385093,-0.025804171085189,10889.79,0.0236571428571428,-0.8883683663811632,0,0.024335714285714287,0.002274137923852329,0.018650369476083464,0,1283.9578571428572,53.13925568782483,1416.8059963624191,0,0
2023-12-11,6323,0.0284,79.98,1320.26,0.021,179,14316.66,120,59,11.0,8590.0,0.6,0.83108167736539,0.5701754385964912,0.147133526850508,11215.052857142857,0.0243428571428571,-1.0279226825977004,0,0.024621428571428572,0.002520738161555256,0.018319583167540433,0,1294.429285714286,43.25795906568571,1402.5741833785003,0,0
2023-12-12,6468,0.0254,72.53,1317.48,0.0221,164,11895.12,114,50,11.56,7137.07,0.6,-0.1691414058865684,-0.0837988826815642,0.0229321524592756,11429.985714285716,0.0247999999999999,-0.9182728627132782,0,0.0246,0.0025121244457170754,0.018319688885707314,0,1290.277142857143,37.23720873382951,1383.3701646917168,0,0
2023-12-13,6136,0.0248,67.22,1343.84,0.0313,152,10217.0,111,41,12.11,6130.2,0.6,-0.141076340549738,-0.073170731707317,-0.0513296227581941,11387.79142857143,0.0252142857142857,-0.001201641861747394,0,0.024764285714285714,0.002438349739178026,0.018668411366340648,0,1299.232142857143,33.53064251343383,1383.0587491407275,0,0
2023-12-14,6148,0.0239,72.86,1295.04,0.0325,147,10710.34,104,43,12.45,6426.2,0.6,0.0482861896838602,-0.0328947368421053,0.0019556714471968,11176.874285714284,0.0248857142857142,0.11841634346671312,0,0.024557142857142857,0.0023744519321355125,0.018621013026804075,0,1301.4928571428572,31.95828421037941,1381.3885676688058,0,0
2023-12-15,6290,0.0258,82.5,1221.97,0.0221,162,13365.62,112,50,10.91,8019.37,0.6,0.2479174330600149,0.1020408163265305,0.0230969420949902,11494.324285714283,0.0253714285714285,-0.9182728627132782,0,0.02464285714285714,0.0023976636980175725,0.018648697897813208,0,1298.6742857142856,37.091307858882224,1391.402555361491,0,0
2023-12-16,5595,0.0249,79.25,1307.62,0.0345,139,11015.9,99,40,13.21,6609.54,0.6,-0.1758032923276287,-0.1419753086419752,-0.1104928457869633,11334.19,0.0248571428571428,0.3177796523474809,0,0.024707142857142855,0.002391158163450811,0.018729247448515826,0,1299.8278571428568,37.10115116991555,1392.5807350676457,0,0
2023-12-17,5704,0.0272,73.26,1255.89,0.0276,155,11354.79,104,51,12.08,6812.88,0.6,0.0307637142675587,0.1151079136690647,0.0194816800714923,11839.34714285714,0.0257714285714285,-0.3700237632911676,0,0.024714285714285713,0.002398992462506902,0.018716804558018458,0,1295.412142857143,38.46299443893902,1391.5696289544906,0,0
2023-12-18,6741,0.0252,73.25,1262.85,0.0307,170,12453.13,116,54,10.89,7471.88,0.6,0.0967292217645592,0.096774193548387,0.1818022440392706,11573.128571428571,0.0253142857142857,-0.06101063452597765,0,0.024828571428571426,0.002379860555523445,0.01887892003976281,0,1291.2749999999999,38.640228290070446,1387.875570725176,0,0
2023-12-19,6622,0.0253,73.39,1319.43,0.0381,167,12256.43,113,54,11.68,7353.86,0.6,-0.0157952257785792,-0.0176470588235294,-0.0176531671858775,11624.744285714283,0.0253,0.6766336083328625,0,0.02505,0.002257551430541188,0.01940612142364703,0,1296.2757142857142,37.31429623211144,1389.5614548659928,0,0
2023-12-20,6422,0.0243,85.38,1352.85,0.0345,155,13234.48,109,46,12.41,7940.69,0.6,0.0797989300310122,-0.0718562874251497,-0.030202355783751,12055.812857142855,0.0252285714285714,0.3177796523474809,0,0.02522142857142857,0.0020844399991101245,0.02001032857365326,0,1302.1192857142855,39.40556685865088,1400.6332028609127,0,0
2023-12-21,6454,0.0249,76.91,1292.82,0.0287,160,12305.55,114,46,11.34,7383.33,0.6,-0.0701901396957039,0.032258064516129,0.0049828713796324,12283.7,0.0253714285714285,-0.2603739434067454,0,0.025128571428571427,0.0020663712420303897,0.019962643323495455,0,1302.01,39.430884810312484,1400.5872120257811,0,0
2023-12-22,6262,0.0256,77.15,1308.02,0.0255,160,12344.03,111,49,11.78,7406.42,0.6,0.0031270443011488,0.0,-0.0297489928726371,12137.75857142857,0.0253428571428571,-0.5793552376159736,0,0.025357142857142856,0.0019125956127791595,0.020575653825194957,0,1304.825,38.25215102047673,1400.4553775511918,0,0
2023-12-23,5663,0.0216,80.15,1378.52,0.0192,122,9778.47,83,39,16.61,5867.08,0.6,-0.2078381209378137,-0.2375,-0.0956563398275311,11960.982857142855,0.0248714285714285,-1.2073496605903915,0,0.024864285714285717,0.001929371018615296,0.020040858167747477,0,1305.987857142857,40.32320503490223,1406.7958697301124,0,0
2023-12-24,5613,0.0223,76.19,1306.27,0.0264,125,9524.24,87,38,15.01,5714.55,0.6,-0.0259989548467193,0.0245901639344261,-0.0088292424509976,11699.475714285714,0.0241714285714285,-0.4896417486196281,0,0.024971428571428568,0.0017161802717881429,0.020680977891958212,0,1305.9185714285716,40.32172135695429,1406.7228748209573,0,0
2023-12-25,6539,0.0265,73.7,1425.14,0.0289,173,12750.93,119,54,11.98,7650.56,0.6,0.3387871368214157,0.3839999999999999,0.1649741671120612,11742.01857142857,0.0243571428571428,-0.24043761251866877,0,0.024835714285714287,0.001483554537566503,0.02112682794179803,0,1313.4099999999999,51.4095974278476,1441.933993569619,0,0
2023-12-26,6313,0.0253,74.02,1324.15,0.0251,160,11842.92,109,51,12.15,7105.75,0.6,-0.07121127635396,-0.0751445086705202,-0.0345618596115614,11682.945714285714,0.0243571428571428,-0.619227899392127,0,0.02482857142857143,0.001480866986925945,0.021126403961256566,0,1313.8864285714285,51.48107353599602,1442.5891124114185,0,0
2023-12-27,6587,0.0246,74.64,1208.67,0.0293,162,12092.0,114,48,10.6,7255.2,0.6,0.0210319752223269,0.0124999999999999,0.0434025027720577,11519.734285714285,0.0244,-0.20056495074251515,0,0.024814285714285712,0.0014821279623242357,0.021108965808475124,0,1304.2314285714285,57.72756052317727,1448.5503298793717,0,0
2023-12-28,6794,0.025,74.81,1335.19,0.0304,170,12718.36,116,54,11.51,7631.02,0.6,0.0517995368838901,0.0493827160493827,0.0314255351449825,11578.707142857143,0.0244142857142857,-0.09091513085809295,0,0.02489285714285714,0.0014589059576979903,0.021245592248612166,0,1307.0992857142858,58.230927873339446,1452.6766053976344,0,0
2023-12-29,6470,0.0257,78.64,1317.41,0.0289,166,13053.93,110,56,11.98,7832.36,0.6,0.026384691107973,-0.0235294117647059,-0.0476891374742419,11680.121428571429,0.0244285714285714,-0.24043761251866877,0,0.024885714285714285,0.0014543606276178312,0.021249812716669706,0,1313.9164285714287,52.834735020877325,1446.003266123622,0,0
2023-12-30,5776,0.0239,75.26,1363.66,0.0267,138,10385.84,92,46,14.82,6231.51,0.6,-0.2043897891286379,-0.1686746987951807,-0.1072642967542504,11766.888571428572,0.0247571428571428,-0.45973725228751283,0,0.024814285714285716,0.001477970095907119,0.021119360474517918,0,1317.9192857142857,54.42007385067696,1453.9694703409782,0,0
2023-12-31,5838,0.0234,78.66,1333.66,0.0308,136,10698.2,90,46,14.82,6418.92,0.6,0.0300755644223289,-0.0144927536231883,0.0107340720221607,11934.59714285714,0.0249142857142857,-0.05104246908193933,0,0.024542857142857144,0.0013494809747080499,0.021169154706087018,0,1323.4742857142858,51.491749259073394,1452.2036588619692,0,0
